,LABEL,0,1,2,3,4,5,6,7,8,9,10,11,12,13,14,15,16,17,18,19,20,21,22,23,24,25,26,27,28,29,30,31,32,33,34,35,36,37,38,39,40,41,42,43,44,45,46,47,48,49
0,RIGHT,-45.19,-79.4,-119.8,-141.74,-144.71,-121.08,-78.43,-49.96,-40.33,-32.49,-21.9,-11.37,-11.77,-27.27,-40.11,-37.53,-26.27,-16.59,-13.77,-16.67,-11.33,12.65,44.06,73.64,111.8,164.08,216.13,254.15,281.13,300.04,302.62,283.72,251.54,218.28,181.63,135.17,88.01,45.25,-6.6,-71.29,-128.39,-164.73,-188.85,-204.47,-205.88,-193.98,-173.38,-147.12,-117.9,-87.5
1,RIGHT,87.12,81.89,54.58,23.49,-1.19,-25.3,-50.79,-72.59,-90.0,-105.91,-118.11,-120.7,-110.72,-89.04,-60.94,-36.33,-17.17,9.65,46.98,76.98,93.71,114.4,145.57,171.83,184.58,192.37,200.22,202.05,194.48,181.51,165.05,144.41,122.27,102.25,84.22,67.4,52.26,39.3,28.39,18.23,6.84,-4.61,-12.0,-15.6,-21.27,-29.28,-34.34,-37.8,-44.83,-54.03
2,RIGHT,11.58,22.01,35.44,47.57,42.63,20.33,-0.73,-16.05,-35.91,-60.28,-81.54,-97.95,-108.53,-108.03,-94.49,-73.44,-50.1,-25.74,-0.73,23.77,48.47,76.58,106.97,133.88,157.03,181.02,205.38,225.34,237.57,242.09,241.42,237.66,231.38,222.59,212.22,201.48,187.84,168.12,145.03,122.79,101.0,79.36,62.31,52.41,46.37,39.35,29.15,17.9,10.76,10.38
3,RIGHT,21.59,29.02,33.96,37.37,42.92,46.42,33.89,4.52,-25.83,-49.64,-73.42,-97.62,-110.15,-104.8,-89.52,-70.8,-45.54,-9.53,32.29,69.44,96.57,117.58,139.61,164.1,183.05,190.57,195.02,206.1,216.84,214.48,200.73,185.26,166.56,138.09,106.2,82.27,68.14,60.13,54.61,49.04,44.39,42.42,41.17,38.71,36.0,33.7,32.05,31.29,29.16,23.02
4,RIGHT,38.68,40.2,40.98,34.48,19.21,3.31,-6.32,-15.74,-32.66,-53.38,-68.37,-71.46,-66.18,-57.51,-42.41,-18.42,7.81,29.77,49.02,67.9,85.58,102.7,122.05,142.84,162.91,182.79,201.24,215.35,225.22,230.79,229.25,220.42,207.82,195.03,183.3,171.39,156.83,139.52,122.23,106.67,90.67,71.88,53.26,40.56,32.53,22.35,8.84,-2.13,-8.34,-14.79
5,RIGHT,20.44,10.24,-8.39,-25.56,-33.29,-38.75,-48.23,-55.86,-55.97,-49.89,-36.13,-14.0,8.6,27.01,47.41,71.61,89.86,98.72,108.82,127.18,148.12,164.44,172.77,174.28,177.33,187.22,196.73,198.0,193.1,186.5,178.3,167.38,153.29,137.45,122.67,110.47,98.34,83.39,66.01,50.72,39.81,29.72,17.67,6.59,-1.22,-8.58,-18.76,-29.95,-37.08,-41.19
6,RIGHT,-165.51,-145.91,-101.85,-41.11,15.96,53.63,73.8,88.51,104.57,115.78,115.56,111.24,111.55,111.22,103.01,94.72,95.24,96.7,89.4,78.62,71.69,66.35,70.43,103.34,155.95,193.93,208.83,210.76,193.06,148.94,88.98,28.2,-21.58,-56.55,-81.55,-98.26,-103.66,-102.15,-101.82,-101.89,-98.47,-95.01,-93.24,-87.01,-75.14,-64.28,-59.46,-59.65,-56.98,-47.85
7,RIGHT,10.08,15.83,21.12,14.66,-24.17,-85.63,-135.13,-155.93,-152.2,-123.32,-70.17,-12.53,29.93,57.98,80.43,99.53,111.61,115.63,114.46,110.96,105.87,99.19,92.89,93.87,114.03,155.19,197.44,217.85,209.08,172.12,114.95,59.53,23.77,2.59,-16.76,-33.54,-40.35,-39.0,-38.35,-43.05,-48.69,-47.95,-42.11,-39.6,-44.85,-53.29,-56.83,-52.21,-42.96,-32.64
8,RIGHT,-165.63,-157.69,-128.22,-76.4,-16.78,31.41,63.32,87.26,106.95,117.81,118.51,115.82,114.61,113.39,109.7,101.99,90.59,81.32,79.62,80.32,74.88,66.19,65.12,83.31,126.66,177.7,208.03,210.87,195.14,163.06,112.7,53.02,-0.36,-40.04,-67.75,-85.3,-94.6,-96.63,-93.07,-89.38,-88.59,-87.55,-84.38,-79.67,-71.49,-60.96,-53.41,-50.43,-51.39,-55.14
9,RIGHT,-34.33,-37.27,-37.86,-34.5,-26.12,-13.42,-6.49,-8.7,-7.45,2.9,-46.16,-81.46,-113.84,-142.82,-157.15,-147.49,-107.03,-41.68,23.9,70.66,102.47,130.0,153.83,169.79,180.68,192.08,201.23,202.0,195.44,186.32,176.81,168.0,160.29,152.46,143.3,133.35,123.12,113.66,106.11,100.07,93.93,85.9,74.9,61.91,50.33,43.17,39.63,33.71,22.67,12.71
10,RIGHT,22.39,25.44,27.35,29.37,32.53,37.45,45.11,57.28,69.28,61.95,25.58,-20.09,-55.36,-85.02,-114.21,-133.33,-134.45,-116.93,-77.27,-17.66,43.87,91.07,125.09,152.67,175.45,194.78,209.86,216.38,214.93,211.81,206.69,195.98,182.8,171.81,161.59,149.52,137.95,129.56,120.72,106.82,91.71,86.19,93.84,100.67,92.23,74.49,61.21,52.57,42.0,31.01
11,RIGHT,24.49,23.61,26.71,30.91,34.69,44.13,57.36,51.77,16.08,-26.8,-58.75,-87.37,-114.0,-125.41,-116.17,-90.54,-48.75,3.15,48.23,77.63,99.46,121.3,141.88,159.32,175.58,189.54,198.55,203.0,203.32,198.55,189.9,180.18,170.89,161.87,152.38,143.57,137.8,132.37,121.84,107.95,96.16,80.67,53.26,24.5,9.8,5.03,-0.2,-7.02,-10.62,-6.54
12,RIGHT,34.5,32.9,27.8,20.68,18.46,23.46,29.4,32.48,37.78,46.41,41.42,9.38,-34.53,-72.6,-110.6,-158.05,-207.92,-242.75,-247.83,-222.07,-172.69,-98.67,-4.76,81.16,140.43,184.1,218.69,235.51,233.24,220.14,204.91,191.69,176.15,154.97,133.66,113.97,91.09,67.87,53.22,45.0,34.75,23.87,15.42,4.69,-9.0,-18.26,-20.88,-22.81,-27.25,-32.5
13,RIGHT,98.24,93.3,85.01,73.1,63.75,60.91,60.77,57.97,55.47,59.75,63.9,53.34,34.01,29.99,44.14,53.78,45.43,27.42,15.47,15.58,15.88,5.46,-4.06,14.28,75.6,159.18,219.77,227.52,187.33,117.94,37.73,-33.09,-80.24,-105.99,-119.58,-125.36,-124.36,-120.4,-115.85,-109.86,-103.15,-99.89,-97.88,-79.51,-39.65,-9.86,-11.24,-24.24,-31.22,-40.3
14,RIGHT,95.16,91.98,80.5,65.44,55.81,50.81,44.67,39.92,41.35,46.77,50.54,49.73,45.31,39.83,37.93,42.07,44.96,39.08,31.29,29.54,28.1,21.82,22.01,51.71,118.69,191.19,219.2,181.34,105.77,38.57,-7.19,-44.7,-76.32,-95.53,-103.48,-107.47,-112.66,-118.11,-118.38,-111.28,-102.2,-96.72,-96.61,-97.72,-91.52,-77.01,-62.75,-55.38,-55.92,-58.88
15,RIGHT,91.27,85.21,82.14,76.18,65.71,56.65,50.54,45.57,44.39,46.85,46.38,40.37,32.39,25.76,22.75,23.68,25.28,25.2,24.24,21.36,13.95,5.96,10.33,42.87,106.09,171.06,196.98,172.06,113.02,43.32,-15.9,-57.08,-87.01,-109.25,-118.78,-115.36,-108.29,-105.4,-105.04,-102.45,-97.82,-93.19,-87.86,-81.85,-76.09,-66.94,-55.84,-51.53,-53.68,-51.98
16,RIGHT,86.88,85.68,76.44,64.53,60.42,65.58,68.52,58.65,42.89,35.58,34.6,30.47,27.92,32.87,35.72,29.55,23.25,22.53,21.01,17.33,17.22,16.68,9.32,9.74,47.46,127.51,206.54,232.54,199.96,137.91,66.31,-4.58,-60.0,-91.91,-108.33,-120.81,-132.04,-138.38,-136.85,-127.44,-115.78,-110.81,-113.55,-114.19,-104.27,-86.56,-72.69,-69.05,-67.06,-57.2
17,RIGHT,61.85,60.1,59.68,62.91,65.53,65.2,50.27,6.14,-55.58,-100.18,-101.24,-60.03,-4.2,40.18,70.6,90.02,95.53,92.21,91.23,92.6,88.1,77.73,70.23,71.16,87.9,135.59,211.57,280.74,311.2,301.69,261.35,191.19,96.63,-0.43,-73.67,-117.44,-146.66,-165.61,-164.78,-148.44,-130.27,-116.13,-107.81,-103.68,-96.93,-87.51,-81.71,-79.77,-74.62,-60.91
18,RIGHT,96.71,101.63,105.04,102.72,98.32,100.36,106.28,104.12,91.51,80.3,79.8,84.25,82.21,70.88,58.66,55.49,58.25,56.31,46.85,34.51,25.13,20.03,18.16,31.67,77.67,144.79,196.66,206.19,166.78,95.72,28.37,-17.31,-51.44,-79.72,-95.73,-101.77,-107.29,-111.71,-110.36,-107.32,-105.25,-99.75,-92.84,-89.85,-86.27,-77.27,-68.41,-66.05,-67.58,-65.45
19,RIGHT,103.54,95.43,93.93,91.69,84.86,78.77,77.14,76.93,73.64,66.42,57.88,54.01,58.46,63.49,58.58,47.81,43.46,46.76,47.04,38.1,27.07,20.86,19.87,39.39,96.38,167.68,211.68,214.34,180.05,114.88,37.57,-25.83,-64.44,-85.75,-99.07,-107.56,-112.97,-117.4,-119.61,-116.98,-103.67,-74.49,-40.57,-20.62,-14.91,-18.72,-37.94,-68.5,-90.42,-92.57
20,RIGHT,102.4,103.82,101.77,102.69,106.5,110.26,112.9,110.26,99.66,88.47,84.1,85.99,88.91,86.47,76.56,63.98,54.44,47.59,40.16,34.01,33.78,38.64,45.88,66.83,117.31,182.72,223.21,212.82,154.66,73.31,0.12,-49.15,-79.77,-98.02,-105.17,-105.76,-102.33,-91.83,-75.33,-59.34,-43.17,-26.86,-23.31,-37.83,-58.9,-84.44,-116.08,-140.87,-153.39,-159.73
21,RIGHT,98.58,107.03,109.45,104.97,98.48,92.33,86.59,83.24,81.87,78.3,71.86,66.52,61.42,50.28,34.47,24.78,27.47,34.48,32.46,21.78,14.95,13.64,16.18,40.54,99.73,169.01,209.77,203.6,153.28,77.21,3.55,-46.14,-70.27,-84.38,-101.18,-115.29,-118.2,-113.87,-107.67,-100.06,-91.2,-79.55,-64.58,-54.8,-58.76,-68.43,-69.09,-60.96,-54.12,-53.59
22,RIGHT,74.92,70.54,75.3,78.48,75.66,70.54,61.59,49.38,41.37,38.49,36.42,38.04,45.26,49.06,41.8,31.93,32.74,41.68,42.59,30.97,18.81,11.15,8.41,30.23,92.15,164.88,199.94,181.56,124.45,49.46,-18.99,-62.75,-83.56,-91.76,-94.37,-96.15,-98.75,-100.55,-100.87,-101.81,-104.36,-103.15,-92.1,-77.67,-71.87,-73.42,-71.43,-63.06,-54.4,-50.03
23,RIGHT,98.66,85.09,80.33,91.21,97.08,83.87,66.68,58.86,54.17,48.26,45.21,43.33,38.7,34.63,34.46,33.59,25.53,12.13,2.79,1.62,1.8,-2.58,-1.76,30.86,104.6,180.63,206.86,170.68,98.93,26.69,-29.68,-71.59,-99.39,-111.84,-116.09,-119.75,-121.46,-118.6,-113.81,-108.31,-100.75,-94.19,-92.86,-91.99,-85.09,-77.81,-77.71,-77.98,-70.71,-62.46
24,RIGHT,88.3,101.59,105.68,112.89,122.16,121.98,110.36,98.14,94.06,93.39,87.35,79.41,79.17,83.32,81.43,72.38,63.55,60.88,60.94,53.51,41.78,38.55,44.79,61.55,103.27,168.64,225.51,238.9,198.25,124.12,52.24,3.09,-26.99,-48.51,-67.34,-83.86,-94.41,-98.82,-100.6,-101.0,-97.99,-90.34,-81.61,-75.85,-72.92,-71.63,-70.05,-65.51,-57.5,-47.32
25,RIGHT,75.87,77.86,77.62,71.69,65.25,64.28,66.12,62.24,49.97,37.02,31.73,30.19,26.5,25.07,28.67,32.91,37.25,40.31,37.04,29.93,23.99,18.41,17.97,43.87,112.18,194.9,238.38,220.12,156.33,75.78,4.2,-49.17,-89.31,-116.38,-126.1,-120.68,-108.84,-102.11,-104.9,-108.62,-104.94,-99.59,-98.74,-95.99,-86.22,-74.94,-69.44,-69.92,-68.7,-62.06
26,RIGHT,60.46,57.33,54.37,49.92,43.17,40.15,42.58,43.24,37.69,30.64,30.67,37.69,38.0,25.36,15.28,20.01,27.48,23.44,15.69,16.41,18.88,11.61,1.58,14.29,67.94,145.27,201.96,206.28,159.85,88.93,24.29,-20.03,-50.43,-76.39,-98.33,-112.89,-120.27,-120.9,-116.09,-109.37,-103.36,-99.98,-97.62,-91.03,-80.58,-71.57,-65.79,-60.83,-55.98,-51.09
27,RIGHT,53.42,50.51,52.5,53.13,46.71,35.8,26.06,22.61,24.95,22.87,11.24,0.12,-2.46,1.81,5.98,1.9,-6.72,-8.54,-5.39,-2.8,4.31,11.55,9.1,21.72,83.99,171.82,226.2,220.21,160.14,71.7,-6.33,-57.86,-94.95,-122.46,-135.84,-140.93,-143.76,-138.8,-127.55,-121.39,-118.43,-109.79,-96.98,-86.7,-79.33,-69.99,-61.44,-61.92,-64.75,-54.31
28,RIGHT,48.19,70.98,83.3,92.68,103.02,113.36,119.32,119.07,114.71,108.04,102.85,105.7,109.16,97.32,74.64,60.68,59.36,59.75,59.69,63.12,62.81,50.45,35.56,39.78,77.77,141.56,203.42,232.36,209.72,143.72,65.51,4.13,-35.84,-66.31,-90.51,-101.62,-101.02,-100.77,-107.66,-114.27,-111.86,-104.42,-98.22,-91.75,-83.88,-77.23,-70.43,-61.32,-52.31,-47.92
29,RIGHT,-158.23,-214.64,-223.3,-185.55,-115.94,-40.74,16.67,55.23,83.63,100.35,106.08,108.7,110.86,112.72,112.49,105.2,96.04,90.87,81.57,67.1,59.72,59.05,54.96,54.8,84.48,153.02,226.79,262.89,252.83,208.96,140.93,65.63,4.42,-39.18,-72.43,-94.16,-102.81,-106.95,-112.78,-116.39,-112.28,-102.0,-95.61,-98.25,-100.7,-93.93,-80.55,-68.13,-64.22,-65.53
30,RIGHT,1.05,27.93,56.68,81.71,93.07,96.99,103.65,114.08,121.15,116.04,103.88,98.25,95.98,87.35,82.46,88.55,87.61,71.51,58.75,57.87,58.79,62.24,75.35,93.68,123.9,180.03,237.0,250.09,209.96,140.12,72.87,30.8,5.4,-24.72,-57.32,-79.29,-88.94,-86.83,-75.63,-66.18,-64.31,-66.38,-69.4,-72.89,-73.39,-68.13,-62.79,-59.31,-53.93,-50.21
31,RIGHT,-95.11,-153.85,-167.28,-128.37,-73.25,-29.76,8.65,47.36,72.77,80.08,78.91,76.45,78.52,87.39,94.78,93.33,85.43,74.49,62.3,55.8,56.67,53.74,44.39,48.19,86.75,152.92,210.33,230.6,204.02,134.17,54.38,3.42,-19.32,-32.79,-44.3,-59.63,-78.45,-85.27,-71.68,-53.69,-49.28,-53.98,-56.38,-58.55,-61.99,-59.61,-52.06,-49.36,-53.75,-57.91
32,RIGHT,12.45,12.85,20.82,31.54,33.63,25.48,15.67,8.07,2.54,1.21,1.63,-0.29,-0.0,2.71,-0.74,-8.48,-10.2,-9.02,-17.07,-29.79,-29.95,-18.63,-10.36,6.06,58.15,137.04,200.03,222.51,200.48,132.05,39.56,-33.58,-72.59,-96.32,-115.84,-125.25,-124.02,-117.43,-107.3,-99.55,-97.3,-93.57,-87.08,-84.63,-84.54,-79.0,-67.27,-56.04,-47.99,-45.22
33,RIGHT,52.76,85.82,110.43,121.81,118.56,112.08,112.92,115.23,111.79,108.61,107.14,98.44,84.31,78.55,82.78,83.99,78.52,75.87,78.24,75.26,65.26,59.85,62.46,74.14,111.02,177.47,239.53,259.15,228.55,161.8,83.06,16.49,-29.33,-62.54,-92.72,-116.88,-127.53,-127.48,-122.73,-115.07,-109.2,-107.5,-104.64,-98.96,-91.28,-80.56,-71.83,-69.53,-64.68,-52.61
34,RIGHT,118.26,133.13,139.52,135.63,127.1,118.58,110.29,101.88,95.39,92.94,93.13,91.91,86.26,78.29,74.7,76.4,75.88,68.94,58.72,47.99,39.63,37.35,43.19,67.24,118.17,174.83,199.18,176.65,119.98,51.2,-8.18,-47.2,-72.27,-93.5,-107.25,-105.36,-96.42,-92.96,-91.29,-87.45,-85.88,-85.09,-82.21,-81.64,-83.99,-82.86,-76.62,-68.5,-61.27,-56.96
35,RIGHT,-75.84,-131.85,-144.42,-111.91,-59.67,-11.87,26.27,57.6,79.21,86.27,82.62,78.69,78.95,79.34,77.06,71.73,64.57,61.17,63.43,64.38,60.2,52.01,43.8,53.69,100.0,169.85,227.45,241.57,198.86,119.36,45.06,-3.7,-35.84,-59.6,-76.63,-91.2,-102.33,-101.48,-89.04,-76.95,-72.13,-72.58,-74.14,-71.86,-64.44,-56.69,-51.65,-46.95,-42.28,-41.74
36,RIGHT,-61.47,-0.64,43.73,70.73,85.9,91.61,90.04,88.12,93.98,106.04,110.83,100.33,83.52,71.29,61.38,52.21,49.22,49.38,46.36,43.61,42.61,38.65,31.93,37.59,79.43,152.6,215.61,239.47,223.46,168.55,87.32,14.19,-32.11,-60.49,-79.95,-94.51,-106.74,-113.66,-114.07,-112.46,-109.01,-101.17,-93.17,-89.06,-85.4,-78.82,-70.59,-63.55,-58.87,-55.57
37,RIGHT,48.09,75.63,101.06,113.69,111.9,108.15,107.39,105.12,100.68,95.88,91.0,87.36,84.88,80.83,74.88,70.04,66.72,62.0,57.17,55.55,53.87,47.42,38.2,37.43,66.62,132.5,202.66,236.87,226.98,182.74,111.69,32.01,-30.38,-67.59,-88.64,-101.17,-109.64,-116.78,-121.88,-122.64,-117.81,-109.96,-102.04,-92.8,-83.81,-80.48,-82.8,-84.65,-79.83,-66.58
38,RIGHT,24.88,32.06,43.58,49.51,50.21,46.87,39.38,30.23,23.22,21.43,22.92,19.95,9.03,-2.08,-4.41,0.66,6.99,9.74,4.9,-6.08,-16.91,-23.82,-15.56,31.11,114.04,190.29,220.82,198.25,133.1,52.03,-12.08,-51.64,-81.02,-107.11,-124.28,-126.99,-120.82,-115.79,-113.97,-112.62,-109.87,-102.14,-88.65,-74.21,-64.45,-60.91,-59.87,-58.39,-57.97,-57.53
39,RIGHT,-5.52,-4.35,-5.24,-3.72,2.33,-7.07,-57.23,-129.28,-179.15,-192.64,-170.69,-110.81,-36.45,18.55,56.04,89.91,109.18,99.22,67.0,31.27,6.89,-0.43,7.84,32.53,80.89,150.68,214.48,240.64,227.22,196.29,163.97,135.76,113.23,91.4,65.01,41.99,34.75,37.26,33.11,19.98,9.74,8.73,9.99,6.71,-0.07,-5.66,-7.61,-5.96,13.44,69.92
41,RIGHT,124.84,116.59,103.36,91.42,83.9,80.2,79.59,81.18,80.57,73.53,61.92,52.61,49.12,49.28,47.89,42.09,34.97,31.19,29.7,24.84,14.38,4.73,7.0,37.75,106.54,185.8,231.42,230.23,190.73,120.61,40.0,-25.65,-70.03,-99.55,-118.42,-130.67,-138.94,-139.49,-128.59,-111.0,-95.62,-87.55,-86.38,-87.91,-87.24,-81.79,-73.82,-70.04,-72.0,-72.89
42,RIGHT,86.77,76.28,69.89,70.04,67.65,58.54,50.86,50.11,50.12,48.53,49.79,49.38,41.53,31.95,26.12,21.82,18.91,18.19,16.11,17.64,29.48,37.38,30.8,38.26,92.32,170.49,217.96,208.12,151.37,73.88,2.09,-51.5,-90.36,-119.02,-135.04,-138.45,-134.05,-124.7,-114.24,-110.08,-113.96,-115.95,-107.9,-96.1,-88.36,-83.4,-78.41,-74.4,-73.7,-74.68
43,RIGHT,1.37,2.12,2.0,2.88,3.51,2.61,-4.17,-18.33,-27.65,-22.26,-11.46,-5.85,-5.43,-7.11,-8.41,-6.01,-0.13,4.22,5.68,9.15,14.68,10.65,-4.32,0.03,51.37,130.89,196.71,224.7,206.94,145.52,64.85,-3.55,-52.47,-87.92,-106.95,-110.61,-112.47,-115.95,-110.3,-97.11,-90.12,-92.47,-94.52,-88.5,-75.23,-63.14,-58.22,-55.29,-48.16,-41.04
44,RIGHT,-22.13,-26.65,-27.12,-28.36,-29.15,-25.95,-25.26,-29.51,-30.63,-26.87,-26.66,-34.08,-41.13,-37.79,-25.43,-14.1,-9.87,-10.07,-10.62,-11.38,-16.95,-27.15,-18.19,37.28,122.33,187.66,201.46,161.86,87.29,9.17,-48.26,-84.44,-109.56,-124.93,-129.88,-131.4,-134.46,-133.97,-124.57,-109.59,-96.49,-87.36,-81.31,-77.37,-71.14,-60.69,-52.71,-52.13,-53.32,-50.39
45,RIGHT,74.57,61.13,44.27,38.15,45.9,51.4,49.26,47.71,46.76,42.21,37.41,33.39,24.49,11.31,2.34,1.04,0.27,-5.58,-9.4,-4.88,-0.25,-5.64,-14.58,-1.73,54.28,137.92,203.54,216.24,172.75,96.44,21.84,-32.15,-71.0,-100.54,-116.53,-119.92,-120.43,-123.59,-126.41,-124.58,-118.52,-110.69,-102.91,-99.0,-98.6,-93.7,-82.84,-73.96,-69.49,-64.46
46,RIGHT,57.46,90.11,118.84,131.89,135.57,142.14,142.08,105.8,22.54,-68.61,-113.31,-100.56,-56.25,-0.3,59.48,111.12,143.88,160.21,168.46,168.77,158.9,145.19,132.42,120.33,120.49,152.83,211.71,265.25,291.56,284.17,237.57,163.58,92.71,38.22,-5.85,-38.44,-59.19,-74.82,-86.18,-91.59,-92.76,-91.82,-91.55,-93.11,-94.99,-96.85,-98.01,-94.0,-82.42,-71.06
47,RIGHT,-12.95,-13.9,-12.45,-14.38,-19.87,-22.03,-20.28,-22.98,-30.78,-35.22,-33.91,-30.88,-27.62,-26.09,-27.76,-28.51,-23.93,-20.12,-25.44,-36.37,-41.66,-34.24,-10.58,37.53,107.22,170.28,197.14,179.64,126.86,58.32,-4.56,-53.97,-92.96,-121.06,-136.12,-139.17,-131.19,-116.79,-105.25,-102.2,-102.47,-99.14,-94.09,-91.43,-87.2,-77.94,-66.05,-56.91,-53.73,-53.62
48,RIGHT,-5.49,13.4,36.67,39.76,28.28,18.93,16.52,15.64,11.21,3.93,-0.2,0.63,0.34,-4.6,-9.07,-8.7,-6.64,-7.83,-11.33,-12.11,-8.31,-3.93,5.78,40.79,107.36,174.84,202.18,173.18,102.18,21.21,-40.76,-78.3,-104.66,-127.71,-143.26,-149.09,-147.07,-138.09,-127.22,-115.77,-91.62,-57.09,-42.58,-61.13,-87.44,-100.0,-104.01,-106.93,-106.76,-102.13
49,RIGHT,19.44,13.71,-3.7,-15.19,-10.38,-1.98,-3.03,-11.19,-16.88,-14.83,-9.75,-7.39,-7.83,-11.51,-18.44,-22.59,-22.08,-23.94,-28.56,-27.71,-21.3,-20.2,-24.26,-0.76,78.49,175.93,224.79,202.87,131.52,46.99,-17.3,-51.61,-67.55,-73.68,-76.94,-90.3,-112.9,-130.49,-137.72,-134.46,-122.34,-109.98,-101.14,-91.9,-83.07,-77.08,-71.95,-65.25,-57.65,-49.4
50,RIGHT,-7.47,-17.65,-25.48,-31.24,-37.4,-42.97,-43.0,-41.3,-45.02,-48.89,-43.81,-33.49,-29.06,-35.21,-48.18,-59.66,-60.53,-50.02,-41.02,-40.73,-41.84,-39.82,-34.88,-11.91,53.97,149.46,213.41,207.09,150.08,77.73,10.07,-42.98,-76.79,-93.66,-100.68,-104.44,-106.43,-103.02,-90.97,-79.51,-80.47,-83.9,-71.07,-49.01,-39.45,-42.36,-42.61,-41.37,-46.88,-48.6
51,RIGHT,-3.24,-11.02,-15.4,-11.2,-5.25,-10.05,-20.38,-21.45,-19.42,-24.86,-30.96,-31.45,-28.64,-22.81,-15.28,-11.57,-12.8,-15.0,-15.08,-10.57,-5.02,-7.78,-11.2,11.5,74.12,158.09,225.8,246.42,211.47,137.76,55.16,-16.09,-67.45,-95.2,-107.88,-119.63,-128.38,-124.89,-112.62,-104.26,-105.41,-109.0,-107.06,-99.53,-88.37,-78.15,-73.57,-68.19,-56.89,-47.46
52,RIGHT,46.17,41.53,30.32,19.78,14.41,15.42,18.53,15.96,7.46,1.99,3.41,2.37,-9.27,-22.03,-23.18,-19.97,-24.38,-30.96,-30.16,-25.55,-22.11,-14.16,8.32,48.87,106.03,170.69,209.61,186.96,113.49,32.27,-30.4,-68.46,-81.21,-80.24,-85.44,-102.39,-113.39,-108.36,-104.85,-107.68,-94.54,-72.49,-71.77,-83.72,-79.91,-67.46,-67.01,-71.25,-66.67,-58.89
53,RIGHT,-9.9,-23.07,-31.67,-32.43,-34.71,-37.0,-30.41,-22.85,-28.51,-39.76,-41.56,-40.94,-50.48,-61.76,-61.84,-56.15,-57.27,-62.89,-61.09,-50.92,-42.54,-38.12,-14.7,50.28,135.21,194.29,206.54,177.53,115.58,36.45,-33.92,-85.19,-122.24,-144.16,-149.47,-144.98,-140.0,-140.02,-139.36,-128.32,-114.64,-111.93,-112.93,-104.16,-92.64,-88.18,-86.02,-81.09,-72.1,-53.99
54,RIGHT,-158.01,-208.41,-233.47,-214.27,-141.12,-48.62,23.16,70.79,105.9,123.68,124.55,126.86,134.44,139.77,144.22,148.95,148.11,132.85,105.96,88.1,88.8,96.52,104.79,115.18,134.63,172.68,207.73,204.59,177.2,161.05,143.33,96.89,45.72,23.37,17.03,6.63,-2.56,-8.55,-19.39,-30.23,-30.54,-27.21,-31.32,-36.24,-32.02,-22.16,-16.92,-19.18,-21.41,-21.98
55,RIGHT,-43.96,-41.84,-30.02,-20.53,-19.83,-20.15,-17.11,-14.58,-8.61,2.01,7.53,2.05,-10.73,-19.0,-18.05,-18.54,-24.6,-27.05,-23.18,-26.58,-45.07,-60.22,-54.22,-24.72,38.91,130.54,198.35,201.3,152.53,88.21,32.46,-15.0,-57.14,-75.5,-64.92,-57.96,-71.46,-82.6,-77.95,-72.95,-77.9,-82.05,-75.43,-59.39,-39.91,-29.75,-35.1,-41.66,-37.38,-29.89
56,RIGHT,36.34,27.68,19.0,13.39,14.9,22.08,28.45,29.79,25.57,17.24,8.77,1.35,-6.03,-10.24,-15.92,-29.94,-33.66,-11.95,11.23,14.4,9.28,7.25,6.96,22.42,75.44,150.27,198.58,189.29,128.85,46.17,-27.71,-80.1,-119.74,-151.73,-166.22,-158.51,-140.64,-125.88,-113.98,-101.52,-92.65,-89.23,-89.44,-90.09,-82.28,-64.72,-50.93,-47.5,-45.16,-43.19
57,RIGHT,78.38,79.59,74.29,67.28,62.42,60.31,60.64,57.33,45.74,34.35,33.47,40.71,48.0,46.73,31.88,15.81,13.91,20.17,21.09,17.14,18.38,23.54,21.99,31.23,85.67,172.47,235.04,237.34,185.94,107.23,25.84,-39.78,-79.54,-100.12,-114.41,-123.06,-122.52,-120.21,-125.18,-131.47,-128.16,-116.12,-100.29,-86.07,-79.71,-78.37,-74.09,-67.12,-63.12,-63.24
58,RIGHT,74.83,62.58,63.32,67.71,63.02,50.67,44.95,49.07,47.3,33.5,20.72,18.25,21.61,20.79,12.53,7.72,12.41,16.02,11.38,1.03,-10.72,-17.23,-12.51,14.51,75.86,157.09,217.88,224.87,173.87,90.19,8.82,-49.88,-86.28,-110.09,-126.34,-135.8,-140.89,-141.32,-134.75,-127.64,-127.37,-129.58,-128.99,-126.17,-119.39,-109.37,-100.77,-92.86,-76.96,-50.58
59,RIGHT,95.84,95.43,96.88,95.99,95.45,92.51,79.34,59.1,44.76,40.56,43.53,56.62,74.31,78.28,63.21,40.34,20.0,7.11,2.23,2.3,4.08,4.07,6.97,35.0,100.53,173.52,211.3,202.77,154.78,76.81,-6.81,-70.03,-112.11,-145.7,-170.45,-178.06,-170.94,-160.12,-150.78,-141.78,-135.25,-136.37,-143.71,-146.8,-136.16,-113.14,-86.22,-64.61,-54.98,-58.02
60,RIGHT,116.91,108.61,99.37,92.19,92.37,94.61,87.71,74.78,66.28,64.46,63.89,57.86,46.16,37.52,38.42,41.04,37.12,32.08,31.76,33.37,34.18,32.5,26.76,30.45,68.96,141.13,211.31,244.74,233.47,192.8,135.19,58.43,-27.41,-93.21,-127.9,-146.93,-162.07,-169.81,-167.46,-158.8,-147.87,-138.02,-128.23,-115.77,-103.86,-95.2,-91.14,-93.92,-96.82,-89.94
61,RIGHT,60.15,53.91,55.93,64.01,61.58,45.31,32.49,32.4,32.87,24.24,16.47,19.9,26.31,24.94,18.94,11.05,-0.31,-8.01,-4.89,0.28,-6.74,-20.04,-10.89,40.25,116.41,181.62,215.28,208.93,154.73,66.03,-20.14,-77.52,-108.72,-126.58,-135.92,-136.98,-132.53,-127.82,-129.13,-137.58,-143.94,-135.76,-118.05,-108.47,-110.4,-111.07,-102.16,-88.15,-76.8,-69.1
62,RIGHT,93.1,81.5,75.24,75.91,73.68,63.48,53.56,49.87,48.18,45.98,45.27,44.67,40.38,34.03,30.49,30.48,31.04,29.62,26.93,25.8,24.43,18.39,12.53,27.42,79.25,150.49,203.08,214.21,179.92,110.86,35.28,-24.91,-69.53,-100.03,-113.7,-116.44,-117.18,-118.62,-119.29,-112.88,-98.72,-89.07,-89.13,-87.15,-77.33,-66.8,-59.23,-53.76,-52.8,-55.27
63,RIGHT,4.18,18.27,27.8,26.16,16.63,5.91,2.44,3.5,-1.48,-11.81,-17.42,-15.32,-13.24,-16.4,-20.72,-22.18,-22.15,-22.21,-21.07,-18.18,-13.6,-8.08,4.06,44.3,118.8,194.03,233.3,223.84,167.86,83.77,3.96,-54.28,-97.09,-128.94,-144.4,-142.54,-134.77,-134.04,-136.78,-130.51,-114.77,-97.69,-84.02,-74.12,-67.34,-65.08,-64.9,-59.84,-51.76,-46.37
64,RIGHT,-128.85,-53.64,8.83,47.36,77.0,101.42,111.28,107.4,99.25,94.38,95.71,97.48,93.56,87.48,84.86,85.93,86.32,84.62,84.49,81.24,66.76,49.25,42.5,57.93,111.55,192.64,250.9,251.27,201.9,127.61,51.66,-11.13,-57.76,-87.42,-98.64,-98.07,-97.4,-99.4,-98.22,-93.41,-89.9,-87.27,-81.89,-75.37,-69.32,-62.72,-55.3,-47.91,-46.83,-53.64
65,RIGHT,22.28,-4.71,-23.02,-17.1,-5.14,-6.3,-9.22,-0.34,7.2,4.06,0.63,1.68,4.32,8.06,10.83,8.59,3.09,1.53,4.52,5.44,4.07,6.02,13.37,24.56,49.99,113.68,206.53,262.95,235.5,156.66,78.29,11.83,-44.98,-83.29,-101.56,-110.87,-116.57,-116.34,-108.63,-99.59,-100.52,-103.26,-94.98,-90.47,-92.45,-76.01,-42.08,-25.04,-37.74,-50.35
66,RIGHT,110.05,111.27,117.78,117.42,102.81,88.43,86.34,86.72,78.88,68.7,63.09,56.73,49.15,48.79,50.94,45.47,37.59,36.56,38.98,35.72,26.73,20.17,26.6,57.81,117.44,186.75,236.39,246.31,206.59,127.08,40.84,-26.3,-75.73,-112.33,-130.36,-133.33,-134.07,-134.33,-128.51,-117.2,-106.91,-101.5,-95.61,-84.92,-76.44,-76.03,-76.34,-71.16,-62.67,-50.81
67,RIGHT,101.5,102.16,104.46,95.99,79.82,72.3,74.39,75.15,76.02,77.38,69.38,53.9,41.82,34.66,30.32,27.58,22.86,17.74,14.52,10.89,7.59,3.14,-2.23,13.47,69.49,143.55,197.93,213.96,182.22,108.4,26.4,-32.96,-72.37,-107.97,-135.87,-143.58,-139.11,-134.54,-129.94,-128.0,-127.58,-117.14,-101.38,-94.05,-92.03,-89.38,-89.41,-85.69,-65.24,-37.24
68,RIGHT,3.64,2.29,-1.49,-2.56,-1.56,0.13,4.86,13.16,20.27,22.88,22.34,20.02,14.93,10.16,9.23,11.26,15.82,24.85,35.21,46.0,63.89,89.17,113.71,136.18,161.34,186.89,204.58,210.99,209.34,200.06,180.16,151.79,122.92,95.46,63.7,27.69,-6.96,-38.28,-67.17,-95.0,-122.52,-145.8,-159.83,-165.11,-165.29,-161.74,-156.11,-150.88,-143.98,-133.05
69,RIGHT,45.63,49.49,52.93,57.7,64.7,62.99,42.41,12.32,-15.33,-43.27,-75.83,-109.23,-135.36,-149.98,-156.04,-155.02,-144.23,-125.43,-101.42,-67.62,-18.6,38.94,90.13,127.85,156.75,181.62,200.88,212.44,218.22,219.32,215.24,206.73,196.25,186.39,176.08,162.63,147.67,134.09,121.96,111.35,101.27,88.01,71.11,55.75,44.21,33.22,21.27,10.95,2.51,-5.69
70,RIGHT,26.14,33.72,41.91,54.12,63.95,55.9,27.66,-2.95,-23.8,-40.51,-59.54,-77.69,-90.96,-98.55,-100.23,-96.24,-89.58,-80.35,-63.57,-38.91,-12.29,17.95,57.91,102.67,140.57,170.44,197.5,220.88,236.5,245.3,248.5,244.44,234.82,226.16,218.59,207.09,192.61,179.64,166.19,148.95,130.02,113.13,98.53,83.85,66.59,48.18,34.96,28.7,22.89,13.24
71,RIGHT,33.17,35.44,40.15,48.77,49.25,29.45,-0.14,-24.6,-45.37,-66.13,-83.55,-94.46,-98.69,-96.01,-85.96,-72.12,-59.06,-46.95,-30.91,-7.37,23.4,59.65,97.91,133.57,165.09,192.64,214.19,227.31,233.41,235.29,234.67,232.38,226.31,214.17,199.16,185.66,171.74,150.71,122.77,101.31,95.1,94.28,88.15,78.96,71.49,64.37,55.01,45.66,39.04,33.62
72,RIGHT,69.23,70.54,74.05,85.08,89.53,68.56,33.18,6.14,-12.71,-31.68,-49.67,-63.95,-72.1,-72.55,-68.4,-63.35,-56.96,-47.71,-33.84,-13.43,14.41,49.69,89.54,127.3,158.3,185.23,210.07,227.95,234.98,234.68,232.98,230.47,224.48,215.54,206.31,196.37,183.16,165.43,145.98,129.41,115.39,98.75,76.36,52.55,35.77,27.45,21.42,16.2,13.94,11.61
73,RIGHT,54.71,52.05,52.28,57.13,65.67,67.65,48.76,13.74,-19.54,-45.08,-67.16,-88.08,-105.01,-114.96,-121.59,-127.77,-125.6,-108.63,-83.67,-57.42,-26.65,14.21,63.61,110.93,147.19,176.04,204.02,227.66,240.53,243.9,242.5,238.02,231.64,224.38,212.95,194.77,174.89,158.44,144.61,131.32,117.88,103.61,89.35,77.3,67.03,55.73,42.75,30.14,19.07,9.82
74,RIGHT,32.66,28.93,25.89,24.21,26.57,35.35,46.55,44.35,17.38,-20.18,-51.78,-80.17,-110.83,-137.69,-153.43,-156.51,-148.2,-132.81,-113.17,-85.53,-42.99,14.36,73.01,117.73,148.23,173.4,195.81,211.54,219.54,222.79,223.51,221.95,217.55,208.2,193.23,178.02,165.35,150.49,132.6,116.41,100.8,82.92,66.76,56.38,48.54,39.34,30.1,21.49,12.2,3.72
75,RIGHT,-41.22,-32.89,-24.08,-16.68,-11.83,-6.6,-0.81,4.28,6.3,-2.16,-25.07,-56.02,-88.11,-119.82,-148.21,-167.7,-176.2,-172.38,-150.38,-105.29,-43.43,20.54,76.55,120.71,152.3,175.81,196.05,210.89,220.02,228.0,232.96,230.25,223.21,216.18,207.26,193.13,175.14,157.5,143.11,131.28,119.71,109.96,106.36,105.23,98.14,86.38,76.31,67.77,59.16,51.42
76,RIGHT,-144.34,-130.63,-117.34,-104.27,-92.49,-81.6,-69.37,-56.42,-49.3,-58.44,-87.38,-125.16,-159.59,-187.85,-209.88,-220.61,-214.23,-189.51,-148.62,-93.11,-28.73,33.11,83.87,123.07,153.74,179.69,202.89,220.04,228.19,229.94,227.75,221.96,213.35,201.96,187.39,172.54,161.67,154.42,147.57,139.48,129.95,120.74,114.23,109.68,104.64,97.84,90.0,83.4,78.84,74.01
77,RIGHT,44.66,46.33,46.37,49.01,53.39,56.48,61.44,72.33,75.79,54.95,19.9,-11.17,-42.39,-80.4,-114.94,-137.44,-152.51,-159.94,-149.28,-117.18,-69.37,-11.23,49.73,105.67,153.21,192.13,222.44,242.76,252.49,254.52,251.85,245.2,235.67,225.54,215.35,202.88,188.49,174.66,160.72,144.03,126.31,112.3,102.68,92.78,80.33,68.5,58.94,48.64,34.18,17.21
78,RIGHT,16.79,20.1,23.25,24.32,23.72,24.06,26.57,28.37,26.12,22.03,21.42,24.03,25.69,26.53,29.22,31.5,29.94,26.2,26.21,37.52,62.85,94.09,122.3,147.06,169.88,188.75,199.38,198.68,188.01,170.13,144.77,110.54,67.36,19.62,-22.32,-52.88,-77.53,-100.05,-116.36,-124.55,-127.99,-129.78,-130.43,-128.49,-123.17,-116.19,-109.82,-103.94,-97.27,-89.87
79,RIGHT,45.06,46.74,48.56,48.94,51.43,51.1,32.97,-1.28,-34.23,-60.52,-87.39,-113.64,-130.97,-138.17,-139.12,-130.3,-105.56,-66.83,-19.82,29.65,74.99,112.16,140.79,162.44,179.13,192.16,200.26,201.39,196.99,190.63,183.25,172.9,160.89,149.48,136.75,122.53,111.24,102.7,91.84,78.96,68.05,59.09,51.39,48.41,48.7,43.68,31.43,18.19,7.32,-2.62
80,RIGHT,32.15,36.83,43.43,48.5,50.24,54.12,58.6,47.37,14.5,-24.8,-58.95,-91.81,-123.39,-144.21,-151.22,-150.12,-140.13,-115.86,-76.57,-25.01,31.96,81.93,118.6,145.88,169.41,190.68,207.53,216.98,219.21,217.86,214.54,207.31,195.74,182.74,169.87,156.75,144.67,134.5,123.33,110.14,97.17,84.28,71.37,60.84,52.19,42.55,33.05,26.75,23.01,18.84
81,RIGHT,34.77,42.02,47.67,50.3,52.52,56.99,63.03,60.46,38.3,1.95,-34.23,-64.84,-93.61,-121.24,-141.79,-149.8,-146.05,-131.29,-100.15,-48.49,12.99,65.16,102.73,132.94,159.69,181.46,195.74,200.12,198.36,197.74,197.73,192.54,182.34,169.81,153.99,136.09,122.8,116.65,111.25,101.25,87.93,74.46,64.37,59.45,55.95,49.68,42.48,36.88,31.08,23.8
82,RIGHT,49.18,53.65,55.76,59.89,71.89,87.4,88.24,65.71,35.11,7.61,-19.48,-43.73,-60.41,-74.15,-86.2,-88.98,-81.29,-71.51,-61.81,-47.52,-27.78,-2.55,33.65,80.65,127.51,168.11,204.68,235.36,254.13,261.5,262.94,262.06,260.99,258.95,251.55,239.23,225.3,209.15,192.09,177.54,163.38,146.74,129.52,112.87,95.58,80.76,72.58,66.64,55.07,40.4
83,RIGHT,57.81,64.12,69.09,73.73,82.47,90.55,81.69,52.74,23.15,3.27,-14.76,-34.04,-48.13,-55.15,-58.03,-58.65,-57.37,-53.81,-45.14,-29.16,-7.68,17.76,49.9,88.57,129.25,167.92,202.67,229.88,247.79,262.09,275.44,280.61,274.83,266.13,258.23,246.83,232.55,219.26,203.77,181.8,156.61,135.2,120.86,110.29,99.21,89.39,82.64,74.51,61.3,45.98
84,RIGHT,8.13,17.29,24.57,34.05,49.87,56.9,36.96,3.34,-21.18,-40.2,-64.69,-87.75,-97.24,-95.73,-92.22,-85.32,-70.42,-51.29,-31.72,-8.85,19.02,50.37,87.12,128.09,165.23,193.0,214.66,233.43,246.09,251.53,253.42,250.16,239.12,228.13,223.32,218.14,206.24,189.18,167.8,144.65,129.41,124.47,118.8,105.94,93.28,85.72,77.72,65.24,51.23,39.39
85,RIGHT,28.13,34.83,42.3,50.99,57.33,62.25,71.72,78.24,62.62,27.37,-4.17,-25.2,-46.94,-71.06,-89.83,-97.41,-95.45,-87.65,-72.59,-48.44,-21.0,7.35,44.82,91.81,135.64,171.35,206.3,240.04,261.97,269.66,270.94,271.4,270.13,264.99,256.65,244.54,226.81,208.85,198.03,189.76,175.13,155.3,136.5,121.03,108.02,96.67,86.84,78.67,71.07,62.02
86,RIGHT,73.38,74.68,75.59,77.74,82.44,87.26,80.35,53.69,18.32,-13.04,-42.18,-71.48,-96.08,-111.22,-116.74,-115.31,-106.48,-81.65,-35.96,18.2,64.23,99.18,128.54,153.87,174.45,190.21,200.27,205.92,208.52,205.23,195.37,184.61,175.33,162.43,145.0,129.28,117.63,105.97,93.41,82.71,73.61,63.7,53.37,44.62,37.48,30.26,22.65,16.13,10.26,2.74
87,RIGHT,35.56,36.97,42.15,51.75,61.94,66.26,57.59,35.59,10.38,-9.91,-25.09,-37.58,-49.34,-59.75,-66.89,-70.6,-70.35,-63.96,-49.9,-30.18,-3.87,34.63,81.43,122.44,153.36,180.75,205.36,222.51,232.25,236.9,236.79,233.29,227.59,218.78,208.09,196.66,182.23,165.07,151.16,142.64,133.97,122.32,109.7,97.03,85.5,77.08,69.43,59.02,48.18,39.71
88,RIGHT,73.52,76.77,78.35,79.99,85.13,87.53,72.04,39.63,6.76,-20.21,-45.78,-69.43,-87.22,-97.48,-100.94,-99.27,-90.92,-72.98,-46.05,-10.5,33.77,79.52,116.73,144.09,167.66,188.96,204.14,211.43,213.34,212.13,207.73,200.68,191.3,178.51,163.11,148.44,135.28,122.63,110.63,100.11,90.86,81.23,70.59,59.68,49.22,39.96,33.59,28.83,21.75,11.32
89,RIGHT,69.28,71.47,73.47,74.62,77.77,79.49,65.74,30.8,-10.03,-44.03,-74.07,-101.05,-117.47,-122.37,-120.62,-111.43,-88.46,-47.72,5.0,55.85,94.55,122.27,145.86,167.41,184.07,194.43,199.11,198.59,193.48,186.05,178.13,168.91,158.06,146.75,135.42,124.1,113.46,103.31,91.86,78.75,65.98,54.79,45.28,36.67,28.19,20.64,13.85,6.81,1.13,-4.03
90,RIGHT,62.23,63.96,64.12,62.03,61.22,63.82,67.98,71.33,69.89,53.91,20.29,-20.05,-57.28,-90.45,-118.23,-135.8,-141.27,-132.75,-104.86,-56.84,2.46,59.21,103.04,133.98,160.1,183.29,197.45,200.33,197.74,194.98,190.95,184.36,177.13,168.98,158.17,145.51,129.81,109.8,92.73,85.01,81.72,76.61,69.82,62.0,53.29,45.5,39.8,34.76,28.17,19.35
91,RIGHT,24.77,28.93,30.65,32.55,36.28,41.26,48.18,57.04,57.45,37.11,4.15,-25.09,-49.83,-76.0,-100.96,-116.47,-120.75,-114.46,-93.2,-55.43,-8.59,37.83,79.22,115.46,148.26,178.64,204.18,219.58,224.69,225.93,226.72,225.02,219.66,212.52,204.91,194.97,181.31,166.64,153.03,140.1,127.92,114.89,99.28,86.75,81.44,76.23,67.27,59.15,52.78,44.85
92,RIGHT,55.39,60.63,65.35,65.51,64.98,67.04,68.98,69.5,68.19,57.39,32.27,0.95,-29.76,-63.28,-102.1,-141.09,-171.97,-187.93,-185.81,-164.47,-123.61,-61.92,16.23,91.4,143.35,174.34,198.73,219.8,232.91,237.95,236.7,229.5,219.3,210.52,203.98,196.02,183.35,167.61,151.81,136.39,121.52,107.09,92.12,77.93,67.24,58.73,49.08,37.84,25.1,11.83
93,RIGHT,39.25,43.72,44.55,45.23,49.23,57.67,68.72,69.28,47.36,13.53,-15.04,-38.61,-64.2,-90.9,-111.31,-119.52,-116.11,-102.67,-77.94,-44.01,-7.04,33.37,77.6,119.13,153.54,183.67,209.7,227.99,239.24,246.3,249.52,249.34,245.17,234.61,219.59,205.2,192.09,179.65,168.84,157.54,143.68,128.91,113.74,97.7,84.51,76.11,67.66,57.34,49.29,43.07
94,RIGHT,70.79,72.54,70.67,71.71,73.56,60.94,29.04,-8.44,-41.72,-72.21,-100.4,-122.8,-135.42,-135.95,-122.82,-94.19,-49.33,4.05,51.41,84.44,108.87,133.34,157.36,175.8,187.82,194.6,195.96,191.99,184.52,175.96,167.09,156.48,142.73,126.68,111.18,98.01,85.48,72.09,59.35,49.37,42.12,34.31,22.56,9.28,0.28,-4.76,-11.52,-20.66,-26.1,-26.31
95,RIGHT,-44.93,-46.2,-55.5,-69.98,-77.02,-72.21,-62.39,-51.83,-41.06,-31.67,-23.15,-14.03,-5.66,1.39,8.95,14.63,14.21,9.43,9.21,22.43,47.61,75.84,104.91,136.79,166.57,187.09,196.84,195.01,179.95,155.3,127.31,95.03,54.26,10.39,-25.97,-53.25,-76.36,-96.81,-112.41,-122.92,-129.55,-134.16,-137.18,-138.24,-135.11,-125.98,-112.46,-100.04,-91.76,-85.05
96,RIGHT,57.17,62.79,68.48,74.25,77.52,79.81,85.24,88.44,73.42,38.39,2.61,-23.82,-46.87,-71.16,-93.17,-105.1,-103.57,-93.91,-78.13,-48.95,-4.3,44.96,87.35,121.16,150.61,176.41,196.68,210.3,218.25,221.52,221.18,217.8,210.14,198.41,185.89,174.98,165.34,156.25,146.91,136.4,124.86,108.95,85.31,61.48,47.82,41.8,35.86,29.1,23.64,20.1
97,RIGHT,65.38,66.04,69.31,74.61,79.03,82.02,84.33,76.8,49.65,11.87,-21.71,-50.82,-79.72,-104.89,-119.09,-121.97,-117.39,-103.06,-72.24,-25.39,27.32,76.33,117.89,150.76,175.88,194.09,204.11,205.61,203.09,201.34,199.59,193.79,182.75,169.41,157.07,146.98,138.32,128.78,117.59,106.66,96.36,85.51,74.46,64.81,55.38,44.23,32.47,22.39,13.19,3.09
98,RIGHT,-42.5,-43.66,-43.84,-41.81,-36.64,-31.78,-31.27,-33.17,-33.82,-34.24,-36.39,-39.41,-42.29,-44.6,-44.76,-43.18,-41.67,-40.6,-37.73,-25.86,3.82,47.94,91.99,129.5,163.31,190.95,205.83,205.69,192.86,170.48,139.72,99.9,55.34,13.95,-24.39,-65.6,-108.61,-146.0,-175.2,-199.54,-218.39,-228.68,-230.94,-226.54,-216.01,-202.33,-190.59,-181.47,-172.34,-161.04
99,RIGHT,-21.76,-15.47,-9.78,-7.17,-8.57,-9.47,-8.23,-10.41,-17.5,-22.46,-21.56,-19.02,-18.45,-18.57,-16.32,-11.9,-7.75,-4.85,-3.3,-4.08,-3.11,10.59,43.24,88.32,135.5,178.66,213.21,234.41,237.87,222.66,193.34,154.95,107.63,52.6,-1.58,-45.97,-81.45,-112.77,-138.65,-155.27,-165.42,-172.54,-175.6,-173.27,-166.7,-158.33,-147.0,-131.79,-116.56,-104.35
100,RIGHT,101.7,100.93,103.29,109.57,106.08,83.19,51.83,23.73,-1.72,-25.73,-45.53,-61.82,-75.58,-83.02,-79.54,-62.64,-34.1,0.61,36.15,66.85,89.15,108.05,129.3,151.49,170.8,186.22,197.16,204.5,210.26,214.4,214.57,209.27,199.82,190.08,182.34,176.23,169.82,160.83,148.48,133.93,119.07,104.58,90.25,76.75,63.67,49.84,37.83,31.07,26.15,17.67
101,RIGHT,-58.25,-57.36,-56.31,-56.75,-57.12,-56.98,-58.63,-62.61,-65.49,-64.95,-61.75,-53.34,-38.09,-25.55,-24.59,-31.18,-38.25,-44.6,-52.25,-55.54,-38.28,4.14,53.84,98.03,140.54,179.42,204.69,211.66,198.55,165.33,118.0,63.69,7.74,-43.46,-88.0,-131.53,-175.3,-211.52,-237.01,-252.09,-255.39,-249.45,-241.98,-236.32,-226.66,-208.41,-188.25,-174.05,-162.5,-146.4
102,RIGHT,-50.3,-50.01,-51.75,-52.7,-51.64,-47.91,-40.61,-32.34,-28.27,-27.81,-25.81,-21.94,-20.49,-21.21,-20.08,-17.66,-17.42,-17.18,-12.44,-4.11,8.94,32.91,67.28,105.96,144.89,181.81,212.98,232.33,234.35,216.98,184.51,147.22,107.97,62.11,11.89,-33.03,-68.98,-101.74,-133.23,-156.39,-168.69,-174.11,-173.49,-166.93,-159.15,-151.65,-140.08,-125.03,-112.56,-103.5
103,RIGHT,76.64,75.25,73.4,75.7,80.47,83.4,82.07,70.22,40.49,-4.53,-53.5,-95.44,-129.33,-158.61,-175.75,-166.0,-123.46,-60.62,1.53,51.84,90.7,121.27,147.37,170.11,186.6,194.92,197.71,200.17,203.39,201.59,190.33,175.52,164.38,153.78,139.06,123.83,112.58,104.76,98.89,92.33,81.73,68.27,55.47,44.79,35.97,25.0,3.37,-31.18,-68.1,-96.87
104,RIGHT,-75.04,-72.26,-68.7,-67.48,-66.73,-63.02,-58.04,-55.5,-55.75,-55.98,-53.78,-50.56,-49.96,-51.51,-49.68,-43.29,-39.22,-41.61,-46.73,-48.45,-38.73,-6.89,44.89,99.18,144.74,182.85,213.37,229.34,225.01,205.02,177.52,140.29,88.29,30.24,-20.27,-62.8,-105.97,-149.38,-184.76,-209.46,-225.9,-235.14,-235.93,-228.79,-216.65,-202.44,-188.5,-174.54,-157.67,-139.01
105,RIGHT,-29.15,-27.1,-26.6,-27.79,-27.69,-26.48,-27.87,-31.34,-32.58,-31.37,-30.15,-29.08,-29.39,-32.65,-34.35,-30.56,-25.5,-23.5,-23.09,-22.07,-17.12,0.5,35.39,78.85,120.34,159.62,202.91,247.94,278.42,282.75,266.79,239.16,197.17,140.32,81.43,29.42,-19.1,-68.55,-116.76,-159.57,-195.26,-226.58,-255.25,-276.64,-286.41,-284.67,-273.42,-255.54,-234.39,-211.72
106,RIGHT,-51.13,-51.27,-52.29,-53.59,-55.03,-54.79,-51.62,-46.46,-40.48,-34.43,-30.21,-29.0,-28.96,-26.21,-19.81,-14.3,-12.89,-13.11,-11.64,-10.03,-9.39,-1.92,23.56,65.78,113.76,165.55,224.69,279.32,308.46,305.33,279.85,243.75,201.01,149.73,91.33,31.43,-25.88,-77.19,-121.29,-161.52,-200.02,-232.89,-254.44,-265.95,-271.01,-269.26,-259.37,-244.49,-228.05,-209.58
107,RIGHT,121.89,77.8,31.54,-7.19,-36.06,-59.45,-80.66,-96.63,-105.79,-111.89,-115.5,-114.62,-111.19,-108.7,-106.85,-102.68,-95.52,-88.76,-83.67,-76.03,-56.75,-15.89,43.68,104.28,152.35,190.36,227.43,259.69,272.35,258.18,223.4,176.73,121.5,60.97,0.5,-54.34,-98.81,-133.67,-166.11,-198.45,-224.39,-237.65,-238.05,-229.3,-215.39,-199.35,-181.67,-162.05,-142.53,-123.68
108,RIGHT,30.68,30.67,31.47,32.39,31.65,31.51,34.16,37.11,37.03,34.29,31.3,29.72,30.63,32.81,33.99,33.19,30.65,27.38,24.57,21.55,19.58,28.15,55.99,98.23,141.78,179.62,210.77,232.38,240.07,231.55,208.11,174.48,135.09,91.17,40.99,-12.18,-60.05,-101.15,-139.92,-174.25,-197.47,-209.79,-216.0,-217.82,-212.9,-203.15,-194.27,-186.12,-174.5,-158.64
109,RIGHT,-37.66,-36.75,-34.11,-31.74,-30.44,-28.45,-25.5,-23.7,-23.59,-23.32,-20.27,-14.15,-7.99,-4.4,-3.03,-2.73,-2.37,-0.88,4.13,17.93,44.17,78.08,111.62,141.69,167.5,187.39,199.19,200.53,190.49,172.36,148.86,117.46,77.27,34.62,-4.9,-41.34,-75.73,-106.94,-134.58,-159.31,-179.01,-191.51,-197.41,-198.46,-194.3,-184.15,-171.18,-159.88,-150.26,-138.09
110,RIGHT,-50.47,-51.94,-48.23,-44.07,-44.48,-48.54,-50.39,-47.32,-43.05,-41.44,-42.27,-42.76,-40.1,-35.93,-34.64,-35.04,-32.87,-30.92,-32.18,-25.82,2.99,50.92,98.8,135.02,165.25,193.11,209.83,208.6,191.71,164.45,131.23,94.52,54.82,12.37,-29.73,-68.37,-103.3,-136.85,-170.7,-201.36,-221.49,-229.51,-231.36,-228.56,-219.04,-206.03,-193.89,-180.91,-164.46,-146.91
111,RIGHT,-35.42,-36.36,-39.13,-41.23,-42.56,-45.36,-49.83,-54.31,-57.46,-60.01,-64.21,-69.12,-71.06,-69.5,-67.62,-67.33,-67.03,-66.06,-65.61,-60.41,-37.03,9.24,64.95,112.6,148.79,178.85,199.43,199.71,178.96,146.91,108.3,62.07,12.37,-32.67,-72.61,-113.01,-153.4,-188.03,-214.28,-231.47,-240.38,-243.98,-244.32,-240.29,-231.09,-218.64,-205.66,-193.88,-183.18,-170.55
112,RIGHT,-70.8,-70.64,-71.38,-75.39,-79.3,-79.87,-77.49,-73.82,-71.57,-72.04,-71.84,-68.45,-63.74,-58.46,-52.36,-47.45,-45.44,-44.69,-43.67,-41.41,-28.68,8.08,64.86,118.84,156.36,184.65,207.35,213.44,198.24,172.71,145.57,114.83,78.69,39.39,-0.42,-38.01,-73.08,-107.56,-140.2,-167.79,-190.17,-205.48,-210.54,-207.62,-201.93,-196.24,-189.26,-179.1,-165.79,-150.46
113,RIGHT,-2.87,0.13,3.98,8.06,9.5,8.8,9.36,10.62,9.42,7.63,7.44,8.98,11.59,11.65,9.32,10.78,17.59,24.79,29.32,32.25,32.46,31.62,42.26,73.35,119.21,171.38,226.97,279.93,316.15,328.45,322.09,296.77,247.32,178.91,103.05,28.19,-40.11,-97.1,-143.1,-184.1,-221.46,-248.41,-260.88,-261.54,-253.7,-239.84,-221.99,-203.02,-186.68,-172.39
114,RIGHT,-23.02,-29.79,-32.25,-24.39,-16.57,-28.18,-62.47,-101.05,-132.23,-163.57,-200.01,-234.04,-259.56,-276.84,-285.96,-284.17,-268.59,-238.77,-199.17,-154.76,-104.39,-47.26,11.49,66.29,114.68,157.19,197.44,235.25,264.33,281.56,291.0,295.69,294.87,288.2,276.24,260.39,243.92,227.97,209.01,186.74,165.17,142.7,113.62,81.1,55.89,42.26,33.86,24.15,13.61,3.59
115,RIGHT,-68.46,-69.01,-65.33,-58.74,-54.94,-54.83,-54.1,-51.33,-48.19,-44.27,-38.92,-33.12,-27.33,-22.61,-19.14,-13.61,-4.5,4.71,8.98,6.92,2.84,8.95,34.87,75.83,124.85,180.88,241.1,297.96,340.01,351.7,324.03,273.55,229.27,197.24,165.85,132.44,102.23,74.77,41.62,-4.75,-61.21,-119.47,-177.7,-236.11,-287.01,-322.63,-344.55,-356.8,-359.12,-352.04
116,RIGHT,-31.27,-33.45,-33.29,-31.98,-31.2,-32.04,-32.44,-31.98,-33.89,-37.99,-40.35,-40.67,-41.12,-41.09,-38.67,-35.19,-33.89,-34.14,-32.92,-30.97,-26.26,-5.84,38.44,93.1,139.73,176.33,208.52,232.25,238.38,227.74,206.99,175.63,132.34,81.99,29.92,-20.28,-62.89,-97.65,-131.33,-165.21,-192.74,-209.09,-215.82,-217.68,-217.11,-211.08,-197.65,-182.64,-170.63,-158.33
117,RIGHT,-22.31,-21.37,-22.59,-21.41,-18.82,-16.3,-13.41,-11.19,-11.11,-12.09,-9.45,4.87,33.31,65.46,88.88,97.58,90.57,72.5,51.27,31.7,20.91,30.6,61.4,100.65,139.27,176.46,206.68,218.36,204.92,169.28,118.82,60.2,-1.54,-59.58,-108.32,-148.91,-187.78,-224.81,-248.44,-252.01,-243.53,-232.6,-221.19,-208.28,-193.37,-176.27,-158.6,-142.38,-124.42,-102.66
118,RIGHT,-23.82,-20.04,-16.14,-13.38,-13.64,-17.52,-23.31,-26.31,-22.84,-14.98,-8.37,-5.55,-4.62,-3.64,-4.26,-8.42,-12.61,-10.47,-3.04,2.77,7.48,21.02,49.58,88.8,134.04,185.66,241.51,290.81,318.34,317.82,296.31,261.23,213.45,156.48,100.15,48.74,-0.43,-46.25,-84.23,-117.41,-151.92,-184.96,-211.15,-232.81,-253.89,-271.04,-279.75,-281.77,-282.54,-284.12
119,RIGHT,-6.37,-0.07,2.84,-6.84,-27.96,-48.04,-64.61,-81.93,-97.14,-111.03,-131.89,-160.19,-185.97,-199.04,-195.9,-177.98,-145.26,-98.65,-44.43,7.72,51.69,87.7,118.23,146.29,172.37,191.83,202.04,207.44,210.45,207.09,196.64,185.9,178.84,171.37,160.37,148.35,132.84,108.86,84.18,70.83,67.16,64.71,61.73,59.42,57.17,53.9,49.42,44.01,38.2,32.76
120,RIGHT,-39.15,-44.14,-48.39,-49.23,-49.54,-52.41,-57.41,-61.16,-61.17,-59.44,-58.54,-57.3,-54.04,-50.84,-49.72,-48.41,-45.4,-43.67,-45.78,-47.11,-33.01,8.25,65.24,114.29,150.91,185.37,213.47,220.12,204.53,178.66,146.61,104.85,55.44,3.97,-46.62,-92.73,-133.3,-170.77,-203.91,-225.56,-232.62,-232.24,-232.93,-232.77,-225.54,-212.46,-197.71,-181.89,-165.11,-149.56
121,RIGHT,12.06,14.22,18.33,21.18,22.34,23.24,24.67,26.82,29.17,30.4,29.57,28.31,28.97,31.16,33.16,35.2,37.84,39.7,38.31,33.55,28.67,29.28,42.95,73.1,113.64,157.32,201.05,236.05,252.54,252.36,243.03,225.99,199.68,164.39,121.58,72.87,21.35,-27.92,-71.38,-109.69,-143.02,-169.38,-189.42,-204.86,-213.53,-213.31,-207.07,-198.56,-189.72,-181.13
122,RIGHT,-61.93,-58.54,-56.06,-54.37,-51.68,-48.06,-46.39,-47.77,-48.68,-47.13,-45.99,-44.96,-39.73,-31.04,-25.44,-25.22,-26.49,-26.66,-26.04,-24.1,-19.61,-6.14,26.62,76.91,129.55,173.56,209.64,237.52,248.88,239.57,214.16,175.73,127.17,76.37,27.82,-22.05,-71.38,-110.38,-137.09,-159.24,-177.97,-187.12,-188.45,-187.87,-184.24,-173.23,-157.86,-146.53,-141.0,-134.19
123,RIGHT,-46.16,-47.51,-47.46,-46.83,-46.58,-44.57,-41.09,-38.98,-37.13,-32.36,-26.76,-24.41,-24.56,-23.97,-21.97,-20.02,-19.02,-18.54,-17.9,-14.32,2.48,40.92,89.29,128.65,158.31,186.04,207.95,213.58,198.2,165.31,120.85,71.33,24.1,-15.62,-48.57,-76.8,-98.99,-114.49,-126.69,-137.82,-144.19,-144.82,-140.93,-126.92,-94.84,-50.69,-12.63,8.13,12.59,5.64
124,RIGHT,-34.89,-31.98,-28.33,-26.81,-24.87,-19.97,-14.74,-13.25,-14.58,-14.7,-11.46,-5.53,1.63,7.68,11.5,14.81,16.92,15.62,13.25,13.47,16.79,25.76,47.68,85.4,131.45,173.78,204.34,222.94,229.29,220.17,197.22,167.71,138.0,108.72,74.58,33.48,-6.35,-37.14,-63.27,-91.17,-118.46,-139.24,-152.39,-160.05,-163.89,-166.42,-168.05,-165.37,-159.08,-154.2
125,RIGHT,-13.45,-8.1,0.65,8.06,9.21,6.29,4.21,4.8,6.74,7.82,9.02,13.45,18.48,20.47,20.38,19.54,18.09,15.75,11.72,8.03,12.61,32.68,66.89,108.27,151.11,192.34,225.81,243.83,246.35,237.82,217.76,183.97,137.43,80.76,19.13,-39.31,-88.69,-127.5,-156.06,-176.15,-189.13,-196.42,-199.7,-200.12,-197.0,-190.06,-180.54,-167.68,-149.73,-126.17
126,RIGHT,-55.51,-53.27,-53.2,-53.59,-50.01,-41.66,-33.44,-29.28,-27.83,-25.68,-22.84,-20.73,-17.4,-11.14,-4.78,-0.82,1.84,4.16,8.96,23.04,48.92,81.62,115.55,145.73,168.82,185.67,198.74,206.33,203.4,186.36,156.58,119.44,81.45,45.48,11.81,-17.37,-41.6,-64.76,-88.19,-107.63,-119.78,-125.29,-125.06,-120.25,-113.6,-106.26,-99.52,-95.38,-92.92,-86.47
127,RIGHT,-61.13,-58.03,-56.25,-55.17,-53.29,-50.14,-47.01,-44.7,-43.09,-41.92,-40.89,-40.15,-39.38,-36.63,-32.02,-28.36,-26.73,-24.9,-22.92,-19.54,-2.39,38.25,90.28,135.22,168.44,192.27,203.59,197.09,176.04,148.21,113.64,68.93,18.76,-26.95,-64.2,-96.35,-124.88,-142.48,-141.29,-122.97,-99.04,-84.55,-87.76,-103.02,-119.73,-133.85,-146.02,-153.91,-156.22,-155.44
128,RIGHT,15.36,17.87,34.64,61.67,84.71,95.23,92.95,80.77,63.33,46.93,34.88,24.39,12.61,1.24,-9.38,-22.06,-34.16,-38.95,-37.06,-35.89,-35.96,-25.29,10.79,70.5,134.19,185.0,224.12,254.56,263.74,242.43,200.88,152.41,100.94,49.07,0.54,-41.57,-77.71,-113.65,-153.88,-193.38,-223.15,-239.4,-245.64,-246.73,-244.38,-237.09,-224.38,-208.3,-191.75,-174.6
129,RIGHT,-21.8,-21.08,-19.32,-17.9,-18.33,-16.75,-7.98,3.7,10.7,13.54,15.62,16.54,14.58,10.76,8.12,9.03,12.63,14.05,10.98,6.92,8.19,21.95,50.86,91.09,137.38,185.21,227.59,255.21,259.88,239.27,199.34,147.85,90.37,33.05,-15.53,-50.22,-75.07,-97.44,-117.7,-133.04,-146.46,-160.43,-171.16,-177.42,-179.76,-175.64,-164.92,-153.59,-144.81,-133.79
130,RIGHT,6.23,5.96,6.75,8.0,8.14,5.86,4.07,5.64,9.28,11.04,8.57,5.48,5.84,7.47,7.31,7.71,11.48,15.32,13.53,8.84,10.31,24.88,54.92,96.19,139.66,178.33,210.66,238.19,255.84,251.72,223.32,181.21,132.38,76.64,17.5,-35.82,-78.01,-113.2,-146.72,-175.85,-194.94,-204.29,-208.82,-209.61,-204.05,-194.53,-185.61,-177.01,-166.13,-154.12
131,RIGHT,-4.66,18.09,38.69,42.54,33.97,26.49,22.91,17.82,9.48,0.1,-7.92,-11.92,-11.55,-10.55,-11.49,-13.01,-14.02,-15.23,-16.0,-13.97,-7.35,10.17,45.61,91.88,134.69,168.99,195.32,210.06,208.73,190.9,161.08,125.34,87.35,47.43,7.25,-29.02,-59.35,-85.83,-110.91,-131.13,-142.06,-146.28,-148.08,-146.17,-138.36,-128.03,-120.07,-113.74,-103.87,-89.0
132,RIGHT,13.4,13.31,10.99,8.88,8.27,8.01,8.2,9.55,10.47,10.72,12.75,17.08,20.39,20.95,20.39,19.69,18.88,18.84,19.52,18.96,18.23,25.45,48.16,83.59,123.95,164.75,204.11,238.72,263.98,274.31,264.41,233.57,187.4,134.0,78.06,22.77,-27.74,-72.1,-114.46,-156.95,-194.87,-224.59,-245.98,-259.07,-263.02,-258.79,-248.38,-231.34,-209.36,-188.1
133,RIGHT,-35.07,-38.1,-38.29,-35.59,-32.57,-32.95,-36.99,-39.64,-37.51,-34.15,-34.17,-37.1,-39.44,-39.16,-36.92,-34.44,-32.93,-32.44,-32.01,-26.44,-5.37,35.02,82.79,123.82,155.61,181.01,196.16,192.68,171.55,142.31,108.25,65.71,16.65,-30.96,-72.29,-106.84,-135.08,-158.54,-177.75,-190.62,-196.24,-196.49,-193.46,-187.68,-179.72,-170.59,-160.7,-149.77,-138.01,-125.46
134,RIGHT,-65.26,-71.16,-62.67,-45.54,-29.13,-15.74,-1.98,12.55,26.31,38.06,45.65,50.07,56.18,64.4,70.76,73.3,72.41,69.08,65.76,64.56,64.1,62.41,64.83,82.13,116.27,156.96,195.26,229.11,255.17,267.84,265.2,248.35,218.11,177.5,134.26,94.49,56.84,16.99,-21.92,-54.28,-84.56,-118.82,-150.67,-173.37,-191.23,-206.05,-212.12,-210.36,-207.21,-202.49
135,RIGHT,1.54,3.51,10.61,13.09,9.92,7.66,7.88,8.27,8.28,8.56,7.63,4.91,2.79,1.44,0.33,1.25,4.51,7.7,7.49,4.75,9.7,31.46,64.77,100.3,138.9,180.77,215.66,232.41,228.31,205.25,169.04,130.46,95.48,60.73,25.75,-5.12,-34.08,-63.79,-90.98,-111.61,-124.25,-130.05,-130.93,-129.1,-127.72,-126.78,-122.62,-114.9,-107.06,-96.94
136,RIGHT,-61.58,-63.9,-61.59,-56.33,-53.41,-52.89,-51.75,-49.5,-46.96,-43.79,-42.45,-45.45,-48.88,-48.18,-46.32,-47.24,-48.95,-47.46,-43.2,-36.43,-17.04,25.34,80.32,126.7,158.35,182.1,196.47,191.84,168.68,137.72,104.46,67.11,25.51,-16.39,-54.5,-88.57,-119.16,-144.13,-162.81,-176.91,-185.02,-185.21,-181.73,-178.2,-173.31,-166.1,-157.55,-146.92,-133.89,-121.25
137,RIGHT,-53.15,-52.93,-53.16,-51.71,-48.61,-46.98,-44.88,-35.07,-20.96,-15.16,-19.63,-26.4,-31.45,-33.4,-31.81,-30.69,-33.29,-35.77,-34.45,-31.93,-31.04,-21.99,10.69,63.69,116.79,159.93,196.96,226.63,238.89,228.97,200.66,157.81,103.13,43.58,-12.41,-60.67,-102.49,-140.97,-175.41,-201.58,-216.56,-221.79,-221.24,-216.87,-208.1,-195.21,-180.99,-166.87,-152.41,-138.48
138,RIGHT,-76.45,-72.74,-70.94,-68.28,-64.25,-61.68,-61.0,-59.7,-56.76,-54.26,-53.93,-54.13,-53.04,-52.09,-52.55,-53.03,-51.09,-47.11,-44.39,-41.29,-25.16,14.56,70.42,123.71,163.3,189.62,201.78,194.63,170.12,137.47,101.6,62.56,22.36,-16.87,-55.75,-93.42,-126.19,-149.47,-162.79,-170.44,-174.59,-174.0,-170.97,-167.38,-160.11,-147.63,-133.5,-121.34,-111.22,-101.19
139,RIGHT,32.42,33.83,33.35,31.1,28.94,28.36,29.27,29.9,28.4,27.2,28.82,29.95,26.78,22.36,21.57,23.23,24.05,24.75,26.55,27.92,27.78,29.76,43.5,75.55,119.26,163.11,202.32,233.87,250.74,249.04,234.07,210.56,176.87,134.12,91.45,55.67,23.81,-9.72,-46.57,-82.34,-113.68,-141.55,-165.85,-183.42,-192.58,-196.05,-196.64,-193.68,-186.66,-177.03
140,RIGHT,-8.49,-6.51,-3.28,-0.21,0.53,-0.14,0.28,2.35,4.97,6.82,8.87,12.85,17.28,18.73,16.07,13.03,13.22,14.25,13.5,13.88,24.48,51.55,89.04,126.76,161.29,190.51,208.5,211.92,202.8,184.98,162.11,135.96,106.94,76.41,46.43,17.32,-11.18,-38.25,-64.24,-89.45,-112.35,-131.91,-149.49,-164.05,-169.94,-164.1,-152.85,-143.1,-134.5,-125.03
141,RIGHT,-17.55,-14.87,-13.2,-11.98,-8.89,-4.89,-1.59,1.49,3.4,4.56,7.87,11.69,12.99,14.83,21.27,29.91,35.11,36.31,39.1,43.98,44.48,40.76,48.34,78.72,122.91,166.9,207.48,242.32,262.13,259.98,236.97,198.82,149.86,93.98,39.16,-5.37,-37.61,-62.43,-84.53,-102.62,-113.06,-117.15,-120.22,-123.98,-125.6,-123.02,-118.2,-113.52,-108.68,-101.52
142,RIGHT,-49.47,-22.94,5.82,21.72,24.81,24.58,24.97,22.58,15.79,8.61,4.18,0.93,-3.72,-6.9,-6.51,-5.8,-7.02,-8.06,-7.83,-6.32,0.47,20.77,56.79,100.51,143.15,179.7,205.66,215.19,205.23,177.25,135.42,86.38,38.19,-1.46,-29.92,-52.05,-72.45,-89.99,-101.22,-107.02,-109.71,-109.06,-105.58,-99.43,-91.26,-86.72,-87.13,-83.16,-72.01,-61.42
143,RIGHT,-69.29,-70.74,-69.29,-67.15,-62.48,-52.62,-43.29,-43.22,-50.94,-56.97,-56.41,-53.05,-53.04,-56.31,-56.19,-48.81,-39.44,-35.43,-36.38,-37.32,-33.27,-15.2,25.38,82.54,138.44,180.54,208.93,223.73,219.84,197.51,164.6,127.99,88.98,46.46,2.09,-41.11,-83.54,-126.33,-166.22,-197.88,-220.64,-235.5,-240.45,-236.29,-229.79,-225.05,-217.92,-204.71,-189.05,-174.04
144,RIGHT,-31.86,-36.83,-37.63,-36.28,-36.69,-38.49,-39.16,-38.2,-36.16,-34.51,-34.21,-34.36,-34.33,-33.59,-30.77,-26.78,-24.61,-24.06,-18.03,2.88,37.4,73.54,105.81,138.76,171.59,193.58,196.43,183.09,162.17,140.92,123.38,107.86,85.91,52.74,14.59,-22.16,-60.57,-105.02,-150.81,-189.29,-218.45,-241.39,-260.99,-280.41,-300.02,-315.2,-320.67,-314.41,-299.43,-279.94
145,RIGHT,12.88,27.51,40.76,52.44,59.52,63.87,69.53,76.0,81.56,87.86,97.36,107.78,113.69,114.82,116.8,121.8,126.81,129.51,130.14,128.85,127.21,125.06,122.28,127.45,148.97,178.57,201.31,211.87,210.83,199.11,181.55,164.29,146.57,121.71,88.89,55.64,26.45,-0.78,-25.1,-43.45,-56.37,-64.68,-65.78,-58.69,-45.82,-31.73,-20.3,-12.96,-8.11,-3.08
146,RIGHT,59.84,56.53,53.55,51.71,53.08,55.22,47.85,23.16,-12.66,-51.55,-91.65,-129.74,-158.72,-177.15,-186.56,-182.0,-154.77,-105.2,-45.3,14.11,66.93,106.77,133.75,156.46,178.77,194.52,200.18,201.53,203.25,202.46,196.85,187.57,174.41,157.14,140.19,127.63,118.65,110.73,99.93,83.97,68.79,60.34,54.15,44.19,31.5,18.23,5.49,-4.45,-11.11,-15.75
147,RIGHT,-41.3,-37.49,-34.92,-35.99,-37.71,-37.58,-36.79,-36.24,-34.05,-28.78,-21.75,-16.72,-15.96,-16.3,-13.93,-10.39,-9.21,-9.33,-7.84,-6.73,-7.53,0.28,28.11,69.82,113.38,156.41,196.65,225.75,237.69,233.35,214.84,183.74,145.91,107.24,66.87,22.25,-22.57,-61.29,-93.78,-122.33,-144.88,-160.74,-172.33,-180.86,-184.9,-182.78,-175.41,-166.23,-157.99,-150.06
148,RIGHT,-27.35,-29.12,-28.26,-23.5,-17.81,-13.48,-7.29,4.15,14.36,15.43,12.3,13.13,15.19,13.82,12.9,16.11,21.82,26.13,26.99,26.7,33.85,55.72,89.47,125.47,156.56,180.58,195.23,195.77,180.18,152.72,119.18,81.18,39.67,0.06,-30.38,-49.61,-62.91,-75.7,-87.14,-93.65,-96.3,-96.44,-92.23,-83.17,-73.02,-65.34,-60.19,-55.81,-50.27,-43.73
149,RIGHT,43.06,43.18,41.31,30.8,5.81,-27.08,-58.51,-89.22,-120.3,-144.77,-158.81,-165.51,-165.44,-154.55,-131.42,-98.04,-58.2,-17.23,21.01,56.23,88.08,113.99,134.33,153.97,174.25,189.3,195.49,195.06,193.01,190.95,185.19,174.44,162.71,152.42,141.99,129.72,115.83,101.04,84.82,68.03,53.83,43.24,34.75,28.05,22.24,15.74,8.36,-0.65,-12.22,-20.97
150,RIGHT,20.56,23.41,28.23,31.73,32.41,32.67,34.93,37.02,35.86,32.68,30.6,30.9,32.07,31.35,29.15,29.44,32.48,34.12,31.43,25.45,21.24,26.25,47.15,83.45,126.69,168.71,204.04,225.29,227.19,213.23,189.41,158.62,123.63,86.49,47.55,9.79,-22.7,-51.34,-80.83,-111.09,-136.82,-158.02,-177.61,-191.91,-197.19,-197.27,-196.63,-193.83,-187.08,-179.31
151,RIGHT,-42.61,-41.5,-38.92,-34.97,-29.85,-24.74,-20.24,-15.87,-12.46,-10.81,-8.7,-4.04,1.26,5.52,9.02,10.23,9.83,11.74,15.51,16.6,18.44,34.42,70.15,114.42,155.78,192.64,221.84,235.51,231.82,214.96,186.15,143.9,92.38,41.49,-3.0,-40.87,-72.16,-97.33,-118.38,-133.95,-141.84,-144.43,-143.87,-140.27,-135.19,-130.65,-124.62,-114.43,-98.76,-75.58
152,RIGHT,36.99,34.35,33.49,33.36,34.19,36.65,38.75,38.88,38.49,38.61,39.45,40.87,41.19,39.32,37.82,38.43,39.57,39.45,38.33,37.37,37.84,46.32,71.27,109.83,150.96,189.84,224.2,245.24,244.99,226.32,198.6,165.27,122.29,71.1,21.83,-19.65,-58.77,-101.09,-141.02,-170.86,-191.64,-207.01,-215.99,-216.72,-210.58,-200.08,-187.95,-176.06,-164.56,-153.91
153,RIGHT,-118.74,-157.31,-189.79,-210.53,-213.43,-199.5,-179.76,-163.17,-147.6,-130.26,-112.13,-92.98,-73.17,-56.27,-43.57,-31.06,-15.95,-1.89,6.71,11.9,18.36,29.61,50.6,84.72,128.47,172.52,207.98,227.78,228.01,210.61,179.97,140.71,101.1,67.83,39.41,13.13,-7.5,-19.85,-27.88,-37.15,-46.81,-47.42,-32.83,-13.31,-4.59,-8.57,-13.78,-14.88,-15.38,-16.8
154,RIGHT,-33.68,-35.05,-35.08,-34.85,-36.09,-38.55,-41.09,-43.71,-45.97,-46.32,-44.45,-41.61,-39.64,-39.85,-40.39,-36.65,-29.11,-25.04,-28.35,-34.0,-31.3,-7.66,40.78,98.55,145.78,178.31,201.69,214.76,211.59,192.73,164.63,132.51,97.04,56.16,10.99,-32.88,-74.34,-117.78,-162.49,-198.8,-221.37,-233.91,-239.86,-240.11,-235.08,-225.87,-214.39,-201.47,-187.79,-175.26
155,RIGHT,-14.62,-4.18,8.16,19.08,25.67,31.19,38.96,45.43,48.61,52.55,52.32,34.55,-0.91,-40.07,-76.27,-112.07,-145.14,-162.37,-153.02,-115.09,-54.53,15.02,76.07,121.27,157.7,192.57,222.99,243.54,254.12,259.34,261.82,261.45,258.05,252.17,244.22,233.46,219.85,205.3,193.06,184.95,179.03,171.82,161.52,147.93,132.62,118.8,108.96,101.33,90.44,75.04
156,RIGHT,83.53,78.47,73.96,71.39,71.97,76.57,75.19,53.92,16.46,-23.7,-64.05,-104.3,-134.89,-148.15,-149.4,-143.31,-121.48,-77.7,-22.65,29.89,75.87,114.63,144.4,166.41,183.13,194.54,199.14,197.07,192.59,189.33,183.89,172.05,158.41,148.53,140.46,130.68,118.9,105.11,90.5,78.02,68.3,58.47,47.1,35.04,22.84,11.23,1.92,-4.43,-8.6,-12.18
157,RIGHT,13.45,17.31,15.92,14.32,12.57,9.25,5.11,2.74,3.01,3.26,2.69,5.31,12.6,20.14,24.35,24.73,23.41,22.55,21.05,17.6,15.37,21.47,43.65,82.33,128.09,169.84,202.96,223.89,227.13,212.88,187.29,152.78,109.12,60.27,13.24,-26.8,-58.63,-85.32,-107.25,-119.55,-123.2,-125.53,-126.12,-120.51,-111.73,-104.81,-98.29,-89.28,-78.06,-67.47
158,RIGHT,-33.39,-34.24,-36.32,-36.17,-37.27,-42.84,-47.99,-49.34,-50.42,-53.19,-54.09,-52.29,-51.66,-52.62,-50.63,-45.51,-42.57,-42.53,-41.35,-34.95,-15.43,24.5,78.2,128.18,164.63,189.31,201.51,194.98,170.89,138.31,101.79,60.95,19.02,-19.53,-54.42,-87.08,-117.82,-145.72,-171.25,-196.74,-220.47,-235.97,-240.23,-236.24,-226.95,-213.48,-198.83,-184.85,-171.76,-158.64
159,RIGHT,110.71,113.88,109.72,89.18,59.81,39.51,32.59,28.06,17.21,2.2,-13.44,-30.36,-51.74,-76.29,-94.76,-99.93,-94.46,-80.62,-54.53,-15.34,29.46,72.0,109.48,141.74,169.02,190.92,206.8,217.07,223.0,226.43,227.74,225.2,218.55,209.57,199.39,187.63,174.27,159.86,143.43,124.76,105.42,82.98,53.15,20.94,-3.0,-15.0,-18.78,-19.78,-20.93,-20.73
160,RIGHT,-96.27,-91.43,-88.41,-86.68,-83.5,-77.54,-70.8,-65.02,-61.07,-59.82,-59.32,-56.0,-50.03,-45.2,-42.64,-41.15,-41.3,-42.66,-42.65,-41.9,-39.63,-22.86,21.74,84.49,141.65,184.08,215.9,234.24,231.29,210.08,180.56,146.26,105.19,57.79,8.62,-36.66,-75.11,-109.55,-142.32,-170.11,-189.09,-197.26,-196.61,-191.08,-182.41,-171.35,-160.8,-153.04,-144.91,-133.08
161,RIGHT,-37.95,-36.47,-33.84,-30.08,-27.27,-25.23,-23.24,-22.14,-21.94,-21.04,-19.28,-16.66,-12.49,-9.41,-10.12,-11.44,-10.56,-8.68,-4.35,3.04,10.17,18.97,40.49,80.17,129.32,176.41,217.14,248.47,264.96,264.68,249.75,223.62,189.28,147.01,96.03,41.13,-9.91,-53.4,-90.49,-122.79,-148.69,-166.01,-176.57,-182.5,-182.3,-175.66,-167.08,-160.63,-154.72,-145.75
162,RIGHT,-53.84,-53.05,-50.45,-47.43,-45.44,-44.14,-41.89,-38.02,-34.71,-33.46,-31.15,-25.93,-21.88,-22.1,-22.75,-19.05,-13.47,-10.91,-11.31,-12.66,-14.43,-8.66,19.11,68.86,123.65,171.47,210.56,237.8,246.95,237.25,215.29,186.16,149.68,105.95,58.77,12.87,-29.58,-69.46,-107.62,-141.51,-168.43,-188.38,-199.3,-199.36,-194.59,-189.97,-183.91,-174.03,-161.9,-149.92
163,RIGHT,83.15,63.62,24.7,-17.04,-55.21,-92.02,-119.24,-120.06,-88.69,-36.46,15.16,46.12,54.11,52.91,49.47,43.89,43.35,53.4,68.74,83.55,97.76,112.52,128.07,145.54,167.23,192.25,215.92,235.41,250.06,256.64,252.63,242.82,233.2,221.57,204.39,184.9,165.94,147.83,134.32,125.61,114.64,98.25,81.49,68.51,56.03,39.76,23.84,14.33,8.36,-0.54
164,RIGHT,56.37,53.15,46.66,41.51,39.63,40.8,43.12,38.57,17.5,-18.74,-62.05,-110.4,-161.5,-205.7,-231.15,-232.45,-210.05,-165.63,-102.53,-30.9,32.55,79.75,114.33,142.69,167.23,186.82,198.55,202.13,200.3,195.46,189.19,182.0,172.87,161.43,150.13,140.54,130.58,117.86,103.02,89.79,80.05,69.95,56.87,43.1,30.56,18.86,8.38,0.46,-5.69,-12.47
165,RIGHT,-45.82,-45.53,-51.9,-55.45,-46.89,-31.55,-22.41,-20.56,-19.8,-19.93,-23.34,-26.8,-26.25,-23.36,-21.17,-19.71,-19.37,-19.27,-16.57,-13.7,-12.18,-1.5,30.17,77.6,126.4,169.55,205.96,231.11,237.96,225.15,197.78,160.28,114.71,63.15,9.87,-37.16,-72.56,-100.07,-124.64,-144.34,-156.84,-164.0,-166.21,-162.82,-154.05,-143.04,-132.3,-121.07,-106.5,-86.6
166,RIGHT,-73.71,-68.07,-62.3,-60.1,-58.85,-55.15,-50.76,-48.46,-47.5,-46.16,-43.75,-40.97,-39.73,-40.29,-39.74,-34.88,-25.98,-17.15,-12.33,-11.97,-11.56,1.02,36.89,87.49,134.06,172.34,204.8,226.32,231.26,219.77,193.72,155.63,110.37,62.4,12.73,-35.38,-76.26,-109.41,-136.73,-150.35,-142.13,-122.35,-113.06,-120.08,-130.23,-136.06,-141.39,-146.52,-147.11,-141.78
167,RIGHT,112.08,92.65,67.54,43.46,21.83,1.44,-15.23,-24.67,-30.06,-36.55,-42.74,-45.11,-44.13,-44.05,-46.55,-48.7,-47.64,-43.28,-36.89,-30.31,-24.41,-11.69,21.83,75.62,130.35,171.05,198.67,215.88,217.68,201.76,174.11,141.53,106.77,69.79,31.61,-5.62,-40.13,-70.61,-96.05,-115.21,-128.36,-137.42,-142.02,-140.88,-136.2,-130.35,-120.83,-107.21,-93.81,-83.41
168,RIGHT,63.87,62.63,61.85,62.4,62.35,60.63,60.67,61.82,49.24,13.71,-33.2,-80.77,-130.7,-179.66,-216.18,-231.57,-220.62,-182.62,-123.19,-52.98,15.56,70.92,109.02,136.35,161.39,184.07,198.51,204.09,204.36,201.18,195.63,188.52,178.77,165.92,152.3,139.13,125.71,112.95,102.29,93.46,85.29,76.41,66.14,56.97,51.16,44.49,32.88,18.94,7.21,-1.88
169,RIGHT,-71.13,-72.29,-76.26,-77.79,-73.84,-68.48,-66.83,-65.97,-61.65,-55.64,-49.54,-42.84,-37.96,-36.18,-32.89,-25.06,-16.82,-12.84,-13.26,-15.69,-12.4,10.12,55.18,107.23,151.55,187.11,213.11,223.42,215.12,191.03,156.63,119.43,83.05,41.9,-5.97,-50.98,-87.71,-119.17,-146.1,-164.61,-173.89,-177.94,-179.54,-177.93,-172.82,-163.31,-148.34,-129.72,-113.45,-102.7
170,RIGHT,92.73,75.96,59.19,44.46,31.0,19.79,13.56,13.51,16.15,17.47,15.71,12.95,10.29,6.65,3.83,5.41,9.36,10.75,10.25,12.04,22.94,49.68,86.79,122.87,154.34,181.02,197.72,196.69,177.15,146.66,111.54,72.17,29.88,-8.57,-38.39,-61.91,-83.04,-101.54,-115.17,-123.3,-126.81,-124.99,-118.01,-109.19,-102.33,-99.03,-97.32,-92.49,-83.3,-73.87
171,RIGHT,-68.34,-66.55,-56.33,-46.81,-43.23,-42.3,-40.58,-39.75,-41.28,-42.11,-39.17,-33.49,-28.32,-26.11,-26.93,-28.55,-27.19,-22.11,-18.03,-16.73,-7.7,20.97,65.36,111.17,151.91,188.67,218.59,233.67,230.99,214.63,188.27,153.01,109.63,60.83,12.95,-28.58,-63.76,-95.55,-125.68,-153.13,-176.94,-195.43,-203.97,-202.25,-196.73,-191.18,-182.85,-171.54,-159.51,-146.31
172,RIGHT,-58.4,-61.48,-57.31,-49.31,-47.25,-51.73,-57.03,-60.55,-62.58,-63.27,-62.91,-61.68,-59.92,-59.08,-60.14,-61.26,-58.91,-53.54,-49.07,-46.99,-44.07,-28.93,12.16,74.43,133.77,174.36,201.13,219.4,221.52,203.81,175.28,142.66,104.21,59.08,11.1,-34.87,-76.14,-114.39,-151.65,-185.78,-213.19,-231.11,-238.18,-236.23,-228.52,-216.37,-201.65,-186.88,-171.98,-155.27
173,RIGHT,94.86,91.33,90.47,95.01,103.74,105.3,89.45,61.17,29.82,-1.82,-32.82,-63.45,-94.74,-122.81,-139.72,-143.09,-137.09,-122.1,-92.77,-50.39,-3.79,41.95,85.66,123.77,154.32,179.54,200.33,215.4,224.59,227.48,223.47,215.05,205.53,195.49,185.48,175.63,162.95,145.7,127.64,113.09,100.83,87.32,72.72,59.34,48.44,38.53,26.94,14.05,4.53,0.1
174,RIGHT,41.47,44.23,45.52,41.35,33.16,27.73,30.62,42.85,62.7,76.74,66.46,32.54,-9.27,-51.23,-95.61,-140.72,-177.52,-196.81,-195.45,-172.98,-126.21,-54.96,28.92,103.86,153.76,184.89,213.25,235.86,241.87,236.08,227.89,214.87,191.93,163.63,138.57,118.53,100.1,84.22,76.25,76.19,76.81,71.25,58.81,44.83,34.72,27.47,19.4,11.39,5.55,0.87
175,RIGHT,112.53,108.6,101.5,84.57,68.29,64.26,68.38,68.63,60.36,49.05,41.03,37.83,37.19,32.6,18.36,1.57,-3.3,4.59,9.95,2.93,-9.26,-9.28,20.94,80.62,144.25,190.5,214.05,208.91,171.75,108.96,33.8,-36.73,-94.48,-144.47,-185.18,-204.96,-203.18,-195.35,-194.53,-197.16,-191.23,-174.75,-157.46,-145.81,-138.51,-133.22,-125.67,-110.2,-94.07,-90.15
176,RIGHT,-16.99,-21.79,-28.48,-28.41,-20.82,-11.38,-4.73,-8.74,-34.32,-73.57,-95.22,-82.95,-56.2,-35.88,-19.23,-1.73,8.84,9.49,9.99,14.11,11.67,1.68,7.19,52.92,129.82,194.59,212.91,187.95,138.46,78.95,23.01,-22.24,-58.54,-84.52,-95.69,-94.06,-89.75,-90.72,-93.95,-91.66,-84.13,-76.56,-70.61,-67.13,-67.99,-70.57,-69.23,-65.04,-62.01,-55.78
177,RIGHT,-7.74,-6.79,-5.52,-3.03,1.83,9.72,16.88,19.86,15.47,5.18,0.32,4.36,6.74,7.56,12.35,11.0,1.29,0.92,11.86,15.17,7.47,3.0,14.85,55.49,122.86,185.47,207.06,178.44,119.01,60.1,18.93,-12.14,-41.8,-64.51,-76.88,-84.67,-89.02,-88.04,-84.97,-82.5,-77.66,-69.38,-64.24,-62.68,-55.99,-44.13,-35.37,-30.56,-24.48,-18.57
178,RIGHT,6.05,-33.84,-113.01,-181.06,-201.64,-173.45,-113.43,-43.88,17.42,64.68,95.73,108.21,110.63,115.37,124.21,131.15,130.58,118.34,100.89,94.55,99.8,98.46,87.06,85.98,112.97,160.87,203.46,214.61,184.35,125.17,61.9,9.62,-25.58,-38.44,-35.18,-30.21,-24.02,-13.2,-7.16,-10.13,-7.56,6.73,13.94,4.19,-5.14,-1.56,6.58,9.39,6.5,3.04
179,RIGHT,-6.11,-5.99,-4.9,-14.92,-47.49,-83.72,-92.07,-66.85,-31.57,-8.97,3.11,15.81,24.54,20.86,14.57,19.32,28.58,27.63,16.69,7.25,4.21,2.5,3.53,28.15,90.33,164.52,212.02,219.06,187.64,121.57,43.4,-14.51,-48.39,-75.18,-97.15,-107.83,-110.85,-114.01,-116.32,-112.73,-106.64,-102.93,-97.15,-86.04,-73.77,-65.38,-62.26,-60.99,-53.47,-36.97
180,RIGHT,20.11,20.64,17.85,10.78,3.13,-0.46,-0.09,-0.2,-1.79,-2.08,-0.77,-0.0,-1.27,-3.76,-6.06,-8.16,-10.49,-15.52,-23.33,-28.64,-28.17,-15.28,22.18,78.86,132.15,170.58,195.46,200.6,174.67,121.7,62.41,13.21,-25.5,-62.07,-100.0,-134.54,-157.96,-166.15,-163.41,-159.11,-158.24,-158.7,-156.48,-150.97,-146.05,-144.49,-142.32,-135.29,-125.64,-116.44
181,RIGHT,145.22,143.21,138.63,132.11,124.31,116.68,108.29,98.58,90.12,85.41,82.79,78.86,73.54,68.55,64.73,60.69,54.23,46.28,39.42,33.71,27.47,22.61,30.7,66.57,124.81,178.12,205.11,202.99,179.66,143.91,96.77,37.49,-24.61,-76.38,-111.84,-131.57,-139.69,-141.88,-142.5,-142.42,-142.09,-142.12,-140.46,-135.1,-127.83,-121.5,-115.37,-106.79,-97.03,-88.94
182,RIGHT,-128.3,-113.48,-99.52,-89.15,-78.79,-67.27,-59.76,-57.07,-52.55,-40.51,-29.68,-45.5,-99.88,-163.79,-202.75,-215.61,-215.34,-202.95,-172.73,-120.46,-46.71,35.97,104.35,146.89,173.59,194.05,206.0,207.48,203.84,199.72,195.77,191.78,185.14,173.52,160.66,151.64,144.9,136.95,127.56,116.58,104.21,95.27,93.41,93.18,87.39,76.55,66.41,60.48,56.37,49.53
183,RIGHT,-131.29,-121.0,-107.4,-92.63,-80.05,-72.04,-67.23,-61.31,-52.86,-42.23,-31.42,-40.48,-90.44,-156.4,-197.88,-213.86,-219.54,-215.17,-195.74,-157.31,-93.07,-7.58,73.5,129.49,164.73,191.0,210.54,219.74,217.09,207.32,198.84,194.91,192.43,186.8,176.8,165.81,157.03,148.99,139.55,128.97,119.45,113.1,109.15,103.67,93.45,80.72,71.26,65.95,58.84,48.69
184,RIGHT,-170.04,-163.62,-159.08,-155.87,-151.67,-144.84,-134.49,-121.07,-108.2,-98.09,-94.31,-112.45,-162.68,-221.87,-259.66,-275.44,-278.76,-263.7,-223.67,-162.43,-84.55,3.64,83.04,136.5,167.75,189.71,206.08,213.33,212.37,207.75,200.94,193.02,186.47,180.61,172.71,162.56,153.5,147.52,141.16,131.16,120.46,113.28,108.55,103.02,96.29,89.51,83.15,77.72,72.88,68.86
185,RIGHT,-44.83,-41.86,-37.96,-33.84,-25.34,-12.91,-4.58,-3.63,-2.61,3.17,1.83,-27.1,-85.91,-146.45,-180.5,-186.23,-174.36,-152.12,-117.91,-64.14,5.53,69.64,112.45,141.25,166.61,186.4,195.54,197.93,197.35,191.34,178.4,162.04,149.21,142.6,137.11,129.76,123.04,117.35,111.45,106.2,100.2,90.39,78.57,69.94,65.95,64.26,61.91,57.41,51.35,43.79
186,RIGHT,36.23,32.58,23.33,-7.03,-61.5,-116.64,-141.44,-123.49,-76.12,-24.19,18.18,50.85,73.68,84.49,86.42,86.26,86.02,82.25,74.38,65.63,59.54,56.74,54.37,60.57,92.79,147.34,195.48,216.14,210.85,189.02,156.6,114.08,58.12,-6.64,-62.73,-95.86,-110.83,-121.71,-130.92,-132.15,-125.98,-119.54,-116.49,-115.64,-114.56,-112.62,-109.35,-103.87,-95.94,-86.65
187,RIGHT,-16.05,-13.82,-13.95,-13.98,-12.87,-8.55,0.97,13.59,24.65,33.96,39.73,22.75,-33.65,-104.91,-152.66,-172.17,-175.03,-162.94,-132.62,-81.13,-10.91,60.23,112.9,146.41,169.48,186.43,195.81,194.62,184.16,173.08,168.0,164.47,155.19,143.61,136.34,132.02,125.78,115.63,104.3,97.85,96.09,92.31,83.8,72.26,59.8,49.87,44.99,42.63,38.64,33.59
188,RIGHT,-57.08,-50.77,-42.34,-36.0,-34.07,-32.86,-29.1,-22.97,-15.08,-6.4,5.15,17.55,9.29,-41.58,-119.5,-187.35,-227.39,-239.37,-219.66,-171.48,-109.44,-41.74,30.39,99.5,155.17,193.21,216.05,228.75,232.79,227.51,217.13,205.87,194.15,183.9,175.32,164.99,151.97,138.22,125.59,115.79,109.54,104.34,97.81,90.24,80.81,69.74,61.07,56.55,52.93,48.21
189,RIGHT,70.39,66.36,57.85,48.93,41.89,37.22,35.12,33.41,28.84,22.35,17.57,14.28,9.01,2.9,1.29,4.27,6.24,3.8,-0.96,-6.02,-10.05,-5.08,22.68,75.49,134.02,177.34,198.97,197.31,172.59,130.15,73.07,4.93,-60.1,-108.79,-142.01,-162.77,-168.96,-165.6,-163.37,-164.54,-163.14,-156.13,-145.15,-134.47,-129.23,-127.49,-120.58,-107.7,-95.65,-87.02
190,RIGHT,-47.66,-40.65,-32.53,-23.58,-16.14,-12.49,-12.0,-11.65,-7.96,-1.42,3.76,7.02,8.58,-6.55,-55.86,-126.24,-186.47,-222.87,-234.51,-216.92,-169.96,-102.7,-22.96,61.77,137.84,194.59,230.08,244.76,243.13,235.93,230.95,224.78,211.13,192.69,176.66,163.84,152.04,141.45,133.4,126.75,118.54,108.81,99.22,89.24,79.4,70.56,61.09,51.53,43.27,33.57
191,RIGHT,-75.77,-70.25,-63.62,-53.93,-44.32,-38.08,-33.34,-27.68,-21.66,-16.93,-14.01,-18.84,-47.08,-106.41,-174.73,-221.0,-235.99,-225.08,-186.36,-115.44,-25.77,55.79,114.15,152.74,176.79,189.08,195.21,197.64,193.14,182.57,172.66,166.69,162.74,158.85,153.95,147.02,139.24,132.77,124.79,111.05,94.72,84.18,82.21,82.79,78.46,68.57,59.71,55.62,52.01,47.03
192,RIGHT,-30.89,-21.49,-15.0,-10.68,-5.07,0.57,4.0,8.13,14.49,19.42,23.22,26.27,9.81,-43.72,-114.39,-165.25,-186.6,-186.72,-164.67,-111.29,-30.45,51.88,111.65,150.27,177.85,194.39,199.36,197.45,191.71,183.37,175.29,168.83,162.63,156.5,150.3,143.37,135.93,127.48,117.13,105.14,91.77,79.53,70.27,62.83,57.44,55.54,54.63,49.93,39.95,29.26
194,RIGHT,-44.42,-37.96,-38.85,-40.23,-36.66,-29.76,-21.71,-12.93,-6.05,-3.25,-5.34,-25.63,-78.36,-145.8,-197.17,-224.8,-229.23,-204.12,-151.83,-84.12,-9.16,63.45,119.67,155.13,177.93,194.29,201.89,200.22,193.44,184.63,175.41,167.54,160.19,152.21,144.49,138.73,134.87,128.85,117.12,102.35,90.2,82.22,76.84,71.72,65.52,60.42,57.85,53.31,44.79,36.83
195,RIGHT,-93.02,-89.04,-87.81,-82.68,-72.19,-63.18,-57.86,-50.01,-39.35,-33.54,-33.22,-30.07,-18.82,-6.43,-15.29,-64.48,-141.86,-212.99,-257.82,-275.98,-262.92,-210.1,-125.92,-30.41,61.72,141.14,199.19,230.62,240.02,239.71,237.62,232.18,220.21,204.92,191.3,179.83,168.27,155.57,143.37,134.57,126.78,114.72,100.37,89.12,80.07,72.12,66.55,60.76,53.28,47.62
196,RIGHT,-61.66,-57.81,-51.76,-45.62,-42.24,-35.71,-24.12,-16.1,-13.46,-12.4,-30.91,-89.15,-163.35,-211.87,-228.15,-223.6,-193.55,-130.67,-47.28,32.43,93.41,135.85,164.04,180.36,188.31,192.93,195.76,191.41,177.02,161.38,153.44,149.54,145.09,143.06,142.12,137.22,129.11,122.01,116.57,108.81,98.62,91.89,89.53,84.48,74.19,63.98,56.16,47.16,38.25,34.32
197,RIGHT,-55.91,-51.45,-46.09,-40.17,-35.35,-29.53,-20.77,-11.81,-6.6,-1.57,11.09,25.81,13.66,-41.18,-111.44,-163.36,-192.9,-203.26,-190.08,-154.56,-99.48,-25.26,53.97,115.74,155.86,185.63,207.29,216.33,216.18,212.72,207.81,202.62,195.67,182.91,166.64,153.68,143.7,133.25,123.65,116.13,109.52,102.91,95.52,87.31,80.11,74.67,69.27,62.85,55.69,48.27
198,RIGHT,-1.52,2.52,6.28,8.69,12.86,17.94,20.39,20.08,18.49,17.04,20.11,25.83,9.95,-48.14,-121.96,-167.84,-181.55,-180.89,-169.13,-141.59,-97.96,-36.77,36.41,101.88,145.54,173.45,195.29,210.22,213.63,205.84,193.64,182.45,169.37,152.53,140.0,135.67,133.25,130.02,128.52,127.66,123.66,114.7,103.88,95.11,87.2,76.82,63.95,52.24,43.72,37.75
199,RIGHT,-158.31,-151.54,-144.15,-130.83,-113.47,-98.04,-87.84,-80.69,-71.45,-57.69,-42.99,-39.23,-65.21,-121.62,-179.75,-215.87,-232.73,-237.16,-223.76,-186.57,-122.73,-36.6,50.39,117.1,161.62,191.61,212.29,225.53,228.5,220.72,207.68,193.7,180.69,172.17,170.95,173.34,173.34,169.52,164.38,159.31,151.13,138.46,125.4,114.94,105.41,94.67,83.82,76.99,74.95,72.66
200,RIGHT,44.05,46.94,50.1,51.95,51.25,49.66,49.16,49.84,52.48,56.69,60.17,60.82,50.69,14.56,-46.83,-107.23,-148.49,-175.04,-187.85,-178.38,-148.81,-106.65,-48.81,27.78,107.28,165.03,195.51,212.83,225.31,228.41,220.95,209.87,200.35,190.55,178.13,168.63,164.98,156.61,137.67,117.67,102.6,87.59,71.37,59.53,53.33,49.13,44.29,36.74,26.18,15.35
201,RIGHT,-131.67,-118.92,-107.1,-94.09,-84.12,-78.93,-72.21,-60.88,-46.31,-30.65,-18.94,-21.53,-49.66,-99.96,-149.99,-183.71,-204.12,-212.7,-202.45,-168.58,-110.85,-34.26,46.85,114.05,159.83,190.49,213.75,227.43,228.16,221.45,214.02,205.57,195.08,181.77,166.95,155.72,149.85,146.05,144.05,143.4,139.8,131.25,120.95,111.7,102.91,93.82,85.06,76.69,68.64,62.94
202,RIGHT,-22.59,-8.47,1.61,8.97,14.24,17.08,19.02,21.65,25.85,30.74,35.28,37.06,18.74,-36.45,-106.79,-153.03,-169.66,-174.22,-166.07,-128.96,-60.59,19.64,87.66,134.91,167.69,191.24,205.14,210.41,209.27,199.18,178.77,158.36,148.23,145.16,141.75,138.25,137.24,135.5,129.99,123.75,117.34,106.35,91.06,77.57,69.59,66.17,65.16,63.99,61.32,56.56
203,RIGHT,-228.68,-210.64,-170.35,-101.21,-15.83,60.05,113.54,147.87,168.95,179.72,182.22,179.45,174.39,168.3,162.13,155.21,145.28,135.28,129.43,124.93,118.78,114.23,112.21,112.97,130.92,178.47,235.68,269.74,273.08,257.18,226.9,181.3,127.57,77.29,33.34,-6.06,-39.76,-67.37,-91.84,-114.03,-131.04,-138.77,-138.33,-136.62,-136.66,-135.3,-131.0,-125.35,-120.72,-117.11
204,RIGHT,55.58,53.68,51.31,41.78,28.91,21.57,19.83,18.68,15.7,11.51,8.82,9.16,10.7,10.85,7.96,1.93,-4.99,-10.66,-15.55,-19.69,-13.14,17.52,67.94,120.22,163.38,192.56,202.49,191.76,164.45,123.11,68.32,5.68,-53.83,-102.78,-144.98,-183.31,-208.16,-214.38,-211.86,-205.5,-191.74,-176.31,-167.92,-160.9,-148.23,-134.68,-123.81,-112.18,-97.62,-83.4
205,RIGHT,-25.09,-25.23,-21.41,-15.57,-8.24,0.33,7.19,11.46,16.2,22.95,30.52,36.99,37.32,13.11,-47.07,-119.38,-172.95,-208.24,-236.24,-247.84,-224.59,-166.57,-88.78,1.83,102.92,194.38,250.82,272.41,277.87,278.28,273.42,261.31,243.48,224.99,207.29,187.63,169.46,157.55,146.96,133.32,124.05,123.69,121.62,108.29,89.86,76.25,68.04,59.66,47.16,32.44
206,RIGHT,120.72,116.48,115.73,112.98,109.72,108.08,104.4,97.04,89.69,82.8,73.6,64.54,59.59,56.75,52.28,46.69,43.51,43.17,40.73,33.88,27.93,31.68,55.19,99.24,147.03,181.86,199.07,197.38,176.0,140.1,97.35,49.46,-6.65,-65.58,-113.62,-144.37,-162.13,-171.2,-172.85,-171.26,-169.15,-162.59,-150.79,-141.59,-139.51,-138.79,-133.28,-123.84,-114.25,-106.28
207,RIGHT,-42.62,-39.55,-35.32,-29.88,-25.11,-20.88,-16.69,-11.53,-3.66,4.19,8.42,6.81,-10.79,-57.11,-121.38,-174.78,-202.24,-207.5,-194.83,-162.12,-104.32,-25.76,52.41,110.4,148.76,177.43,197.1,204.27,201.44,194.11,184.91,176.04,169.58,165.37,162.49,158.86,151.77,142.46,134.33,126.31,113.66,95.01,76.44,66.01,63.7,62.15,57.31,52.07,48.75,46.36
208,RIGHT,-132.55,-120.24,-109.09,-99.19,-89.98,-83.43,-80.34,-77.55,-71.36,-59.62,-46.56,-55.48,-108.47,-182.37,-233.34,-250.68,-248.45,-231.49,-190.95,-120.58,-32.93,47.99,110.16,154.39,181.12,192.46,196.02,195.76,189.98,179.63,164.36,143.1,125.87,121.86,123.54,122.39,120.94,122.07,124.23,126.42,127.89,123.53,111.02,98.39,91.75,86.6,80.02,74.12,69.96,65.65
210,RIGHT,71.26,107.51,135.05,148.93,153.3,156.05,154.98,147.79,141.29,138.39,134.25,128.13,121.84,114.63,108.0,103.67,99.26,91.87,83.17,76.38,71.31,67.22,70.93,95.41,142.35,192.67,225.38,235.89,229.49,209.53,174.3,122.56,63.62,13.13,-28.12,-69.86,-108.14,-132.18,-144.13,-152.65,-158.83,-158.48,-151.58,-142.76,-137.14,-134.89,-131.45,-124.0,-113.88,-102.44
211,RIGHT,-53.16,-43.38,-36.24,-34.78,-33.3,-28.94,-25.72,-24.24,-19.36,-10.48,-2.44,5.55,8.28,-18.62,-85.34,-164.78,-224.19,-254.19,-259.76,-242.62,-201.36,-139.61,-66.42,13.0,92.45,157.24,197.4,218.48,229.09,231.61,228.39,222.44,213.43,200.27,186.13,176.95,171.99,161.45,142.31,123.79,111.59,100.98,87.67,75.29,68.84,66.74,62.3,52.41,40.27,29.71
212,RIGHT,-67.62,-55.23,-45.1,-36.76,-28.73,-21.3,-16.51,-13.83,-9.0,-0.66,9.16,16.83,5.98,-42.17,-113.49,-170.96,-197.46,-200.08,-187.24,-159.57,-112.84,-46.96,27.72,94.72,144.53,179.06,201.85,213.83,216.27,211.62,201.78,183.54,159.59,146.34,149.94,155.63,153.87,149.84,145.75,138.31,129.61,123.48,116.57,105.62,94.3,87.45,85.25,83.44,78.02,69.24
213,RIGHT,-125.01,-113.71,-105.13,-96.78,-85.52,-73.08,-64.27,-61.62,-58.56,-55.13,-75.26,-135.67,-206.91,-249.34,-260.17,-251.87,-222.22,-162.53,-77.95,9.6,80.27,129.32,159.58,176.04,185.81,192.98,195.73,190.38,178.95,168.6,163.18,159.33,152.03,142.62,135.41,129.5,122.12,114.0,107.73,103.27,98.11,91.37,85.0,79.88,73.74,64.4,54.34,46.79,41.22,36.16
214,RIGHT,-34.66,-54.29,-71.87,-82.77,-85.18,-78.71,-71.37,-69.94,-67.65,-56.28,-40.54,-41.02,-80.69,-151.51,-215.65,-248.84,-257.55,-249.99,-220.71,-162.58,-78.91,11.61,84.43,132.46,166.51,193.06,209.71,216.53,214.37,204.28,190.27,176.61,168.19,166.03,163.57,156.55,146.22,133.26,121.34,114.52,110.84,105.64,98.12,89.78,81.54,74.82,70.84,68.37,66.08,64.17
215,RIGHT,-131.03,-121.53,-111.37,-100.85,-90.49,-81.31,-72.15,-60.45,-48.67,-40.19,-32.34,-26.01,-40.93,-92.08,-158.21,-210.41,-245.33,-265.37,-261.75,-228.59,-170.8,-92.45,-0.43,84.2,145.55,190.09,224.86,244.55,249.59,249.4,247.26,240.0,229.42,219.67,208.4,193.11,177.53,165.34,151.9,132.02,113.14,103.53,97.97,91.57,90.21,92.3,86.8,75.03,66.06,59.48
216,RIGHT,-84.83,-76.0,-69.15,-59.49,-48.92,-42.4,-39.33,-36.46,-32.15,-25.07,-19.04,-36.26,-92.89,-163.46,-209.39,-222.93,-216.44,-190.99,-136.83,-55.53,30.65,98.02,141.14,167.48,183.91,192.76,195.06,191.71,185.43,181.09,179.31,174.18,161.68,148.04,142.12,143.04,143.22,135.48,120.71,108.73,102.38,97.62,95.29,93.24,87.11,78.84,72.15,68.12,64.07,56.28
217,RIGHT,113.23,132.12,143.04,147.53,146.25,140.38,131.32,116.16,96.78,86.9,92.04,99.48,101.59,104.83,112.04,117.67,118.49,114.17,104.16,91.57,84.4,84.11,84.15,90.74,119.74,165.41,204.94,226.42,230.81,219.38,191.11,146.02,87.19,25.49,-23.85,-56.59,-80.05,-98.9,-111.75,-117.01,-115.85,-112.51,-111.02,-110.26,-107.48,-103.7,-99.35,-93.37,-88.09,-85.67
218,RIGHT,-70.3,-57.96,-49.68,-46.82,-48.71,-52.71,-51.59,-43.36,-34.58,-26.35,-16.89,-26.6,-77.49,-148.82,-205.38,-240.48,-257.77,-253.45,-225.01,-172.14,-94.63,-3.86,76.92,132.59,166.31,188.28,203.05,210.4,212.27,211.03,204.33,189.02,169.25,153.29,143.63,137.23,130.13,119.81,108.22,100.67,95.84,88.46,80.09,75.28,72.79,67.46,58.3,49.15,41.46,32.51
219,RIGHT,-164.89,-172.99,-176.11,-174.63,-168.11,-158.49,-148.02,-137.83,-128.34,-116.79,-102.27,-102.13,-139.13,-202.55,-262.31,-306.26,-327.41,-313.26,-264.77,-192.74,-102.86,-7.35,73.35,129.94,167.69,191.09,200.16,200.34,200.49,199.06,191.11,180.6,173.28,167.86,159.84,149.21,140.61,134.95,130.07,128.73,130.98,128.44,117.94,107.55,101.53,94.42,83.6,74.76,72.69,73.72
220,RIGHT,-166.36,-159.47,-148.86,-139.56,-131.24,-121.95,-114.29,-107.76,-98.31,-88.13,-79.2,-68.16,-61.74,-82.35,-137.66,-205.4,-264.52,-309.64,-331.25,-315.33,-256.86,-163.97,-54.81,49.67,132.7,188.14,221.95,241.85,249.14,245.16,234.3,222.15,211.89,201.23,187.69,173.46,159.87,143.55,124.99,107.47,93.14,85.36,82.4,77.79,70.58,64.71,61.81,57.91,49.12,39.75
221,RIGHT,-85.98,-77.07,-63.45,-49.96,-41.67,-37.8,-33.87,-28.78,-24.48,-21.02,-15.38,-8.17,-15.13,-55.54,-118.65,-169.98,-192.2,-194.4,-182.76,-151.37,-96.84,-27.56,42.08,100.77,145.16,176.44,195.54,203.66,205.58,206.64,205.4,197.84,188.24,181.31,173.5,162.19,150.95,143.82,138.61,128.45,113.34,101.6,96.21,91.71,84.96,78.04,71.22,62.84,53.62,45.96
222,RIGHT,-3.94,-1.58,1.92,7.76,10.68,8.84,6.66,6.6,9.57,17.11,27.33,28.94,2.07,-57.88,-122.46,-164.06,-182.53,-185.12,-171.43,-138.18,-81.05,-4.25,70.05,123.8,159.24,184.63,200.1,205.13,203.02,196.05,185.46,174.01,163.55,153.91,145.11,136.96,126.97,112.7,98.83,92.79,91.01,85.11,75.06,65.67,59.56,56.24,53.08,48.47,41.48,31.21
223,RIGHT,-36.83,-33.62,-33.76,-30.37,-22.0,-12.16,-3.22,5.26,13.87,20.01,21.61,21.16,10.94,-29.12,-97.4,-159.75,-190.29,-195.6,-189.83,-169.85,-122.56,-47.69,33.43,98.41,143.82,176.9,199.16,210.89,216.77,216.64,205.96,189.21,176.05,166.85,158.69,153.43,149.04,139.52,127.21,119.99,116.86,110.96,102.62,97.43,94.53,88.86,80.63,72.51,64.47,57.05
224,RIGHT,-41.29,-39.66,-34.44,-31.33,-30.53,-28.93,-26.26,-24.53,-22.66,-15.93,-5.7,-11.61,-55.38,-122.58,-176.33,-202.3,-209.82,-204.86,-181.13,-130.38,-55.89,24.47,91.2,136.32,164.32,184.2,200.21,209.0,206.68,196.57,185.02,174.19,164.76,155.61,139.4,116.12,100.63,99.65,103.01,103.86,103.93,102.67,97.82,91.35,86.19,81.58,74.65,65.89,59.53,56.72
227,RIGHT,-24.21,-33.63,-35.18,-33.84,-30.57,-27.35,-27.33,-28.59,-24.72,-11.8,7.08,12.56,-22.49,-99.15,-181.47,-233.88,-247.91,-231.01,-192.44,-140.47,-77.7,-4.43,67.7,123.33,160.17,183.95,195.64,197.11,195.34,194.15,190.23,179.6,165.01,151.14,136.81,123.35,118.49,119.62,115.4,106.48,100.21,96.34,90.98,82.31,71.03,61.62,57.23,52.95,45.25,38.14
228,RIGHT,-178.29,-175.98,-166.68,-153.41,-139.74,-126.1,-113.12,-102.09,-91.0,-79.13,-68.82,-62.46,-75.25,-122.29,-184.9,-233.27,-264.15,-284.1,-287.9,-268.99,-228.6,-166.57,-83.38,13.97,111.78,192.39,242.07,261.65,264.55,261.42,253.07,239.3,223.76,210.25,199.31,185.75,166.97,149.28,137.02,127.35,117.61,107.7,98.75,91.3,86.21,81.5,72.85,61.51,52.3,46.9
229,RIGHT,-91.75,-82.6,-75.41,-69.17,-61.54,-51.88,-43.8,-39.98,-37.49,-29.61,-16.57,-20.84,-65.79,-134.09,-187.25,-213.29,-221.01,-211.85,-182.17,-132.3,-62.04,21.05,93.68,140.33,167.68,185.23,195.18,198.54,196.26,188.75,178.45,168.49,160.17,153.7,150.29,150.79,150.29,141.74,125.79,109.86,98.51,90.34,83.27,77.2,71.81,66.62,62.1,57.92,53.56,49.12
230,RIGHT,-153.9,-156.66,-153.75,-148.56,-141.21,-128.93,-115.15,-105.43,-97.96,-87.91,-74.49,-61.29,-63.57,-101.02,-164.86,-220.73,-250.07,-259.29,-253.59,-231.65,-193.8,-135.54,-53.46,36.97,111.92,163.21,195.58,213.72,221.95,224.92,224.47,220.54,212.79,202.46,193.23,186.6,177.59,164.27,153.83,149.49,144.95,135.36,123.42,112.94,104.99,99.84,96.25,90.46,80.69,69.7
231,RIGHT,-75.77,-64.91,-55.8,-52.16,-50.19,-43.6,-31.95,-20.69,-15.9,-15.73,-14.22,-11.08,-11.49,-27.8,-70.03,-127.06,-179.15,-220.45,-248.61,-252.37,-226.14,-175.17,-101.82,-9.55,82.94,156.2,207.35,238.97,251.65,251.68,249.62,247.9,240.11,223.27,203.86,187.11,171.34,154.57,138.48,125.51,116.61,109.27,100.91,92.98,88.33,86.81,83.21,72.47,57.52,43.81
232,RIGHT,-162.09,-147.09,-130.29,-113.81,-99.14,-83.09,-60.2,-39.31,-41.65,-69.12,-100.29,-122.61,-139.03,-151.64,-160.63,-165.28,-157.32,-124.17,-67.25,-9.81,29.46,53.8,77.47,108.59,143.44,174.31,196.68,204.8,198.88,195.88,208.77,225.29,226.3,222.09,233.51,245.04,236.79,223.88,219.17,216.24,211.57,204.07,194.6,190.15,189.91,182.75,167.96,152.7,135.79,115.94
233,RIGHT,-0.61,6.53,10.03,9.09,8.66,12.3,18.52,25.42,36.45,46.97,37.69,4.0,-35.1,-67.16,-97.46,-128.51,-150.82,-156.49,-147.84,-124.01,-83.67,-35.38,14.36,67.52,119.69,163.26,198.68,226.85,242.58,247.15,250.31,253.71,251.66,244.99,239.05,233.39,222.86,206.46,187.47,170.19,157.82,147.08,132.49,117.29,106.92,98.09,87.67,78.72,70.58,59.3
234,RIGHT,27.28,31.42,37.87,46.28,52.95,57.94,65.8,74.28,68.37,40.64,5.13,-24.33,-49.47,-73.69,-94.88,-109.48,-114.59,-108.57,-90.5,-58.59,-13.05,39.71,90.81,133.75,165.83,189.32,206.61,217.34,222.12,223.99,225.47,225.05,219.72,210.51,200.57,190.27,179.12,168.55,158.2,140.67,109.76,75.64,56.89,56.04,59.37,57.18,51.85,47.88,45.49,41.57
235,RIGHT,33.96,36.12,41.73,47.58,50.28,53.6,64.97,81.19,80.84,52.79,15.63,-13.79,-38.65,-63.56,-84.94,-98.08,-101.53,-96.59,-84.41,-61.25,-21.5,30.87,82.04,122.2,151.86,176.44,198.54,215.41,223.19,224.94,227.8,232.19,230.09,218.81,206.48,197.88,186.46,167.23,146.48,129.4,107.87,73.12,33.98,6.98,-3.99,-4.21,6.01,27.61,53.54,73.78
236,RIGHT,49.54,52.33,52.61,54.6,62.18,62.49,41.14,9.22,-14.92,-36.11,-64.53,-90.64,-100.71,-101.07,-104.06,-108.24,-106.23,-91.29,-60.14,-17.16,32.73,84.71,126.7,149.91,163.04,182.15,205.77,214.82,206.75,201.59,206.16,208.16,201.45,188.27,173.66,162.97,151.75,134.1,115.01,100.12,86.0,69.01,55.62,50.09,43.31,31.32,22.81,17.95,7.85,-4.64
237,RIGHT,-47.91,-36.22,-21.82,-10.11,-2.56,4.11,14.29,25.26,21.6,-6.31,-42.93,-71.49,-94.17,-115.55,-131.08,-138.83,-140.43,-133.97,-114.45,-79.08,-29.46,27.25,80.42,123.56,157.77,186.24,207.08,217.94,222.91,226.71,228.59,226.55,221.92,215.55,206.34,195.1,183.85,172.58,160.6,149.2,140.2,132.29,121.67,108.34,96.75,88.42,79.79,69.43,61.52,57.64
238,RIGHT,13.1,18.17,24.3,29.05,33.56,42.2,49.3,38.86,11.16,-16.67,-40.9,-68.67,-97.11,-118.79,-132.86,-140.76,-140.2,-125.83,-97.11,-59.69,-16.69,32.61,83.8,125.92,155.39,179.13,199.45,211.67,216.15,218.74,220.02,216.48,208.46,199.53,190.97,180.99,168.01,153.12,139.01,125.89,111.83,97.08,84.54,74.35,63.82,53.66,46.56,40.86,32.71,23.72
239,RIGHT,65.47,71.59,75.99,80.09,88.5,91.14,75.67,47.1,14.86,-19.95,-54.44,-83.47,-106.42,-124.89,-138.05,-140.79,-127.0,-98.04,-61.99,-24.21,16.67,63.18,109.54,146.52,172.67,193.37,210.89,223.68,230.97,232.34,226.65,214.95,201.13,188.03,175.46,163.8,152.75,138.63,120.37,103.19,91.08,82.26,72.68,60.28,47.12,35.98,25.97,15.52,5.37,-5.0
240,RIGHT,45.29,46.8,49.19,56.35,68.63,74.14,60.31,36.24,13.56,-14.19,-50.75,-84.83,-109.99,-129.19,-141.67,-142.39,-129.53,-104.56,-68.48,-25.36,17.48,57.2,95.32,130.54,159.33,182.8,203.89,220.44,228.73,229.74,227.5,222.03,211.65,199.5,189.09,177.92,163.0,147.55,134.57,121.77,107.47,92.42,77.31,63.23,50.9,39.53,28.51,18.26,10.22,4.81
241,RIGHT,-196.82,-179.46,-156.53,-120.77,-68.21,-7.93,46.58,88.93,121.05,147.6,167.24,166.9,134.97,77.08,5.24,-70.83,-138.67,-186.36,-200.45,-173.75,-129.73,-98.55,-78.05,-49.71,4.51,98.06,208.86,289.29,329.73,357.47,382.07,390.13,376.56,353.03,329.97,307.12,284.49,265.31,246.62,224.85,205.33,192.58,183.83,179.13,178.13,174.51,166.44,156.15,134.72,96.15
242,RIGHT,-19.28,-8.08,10.35,28.86,48.06,69.78,81.17,72.14,51.64,30.86,11.01,-6.73,-17.56,-18.09,-7.07,10.05,22.92,27.67,32.41,45.81,68.86,98.46,129.71,154.73,171.25,187.57,206.3,215.39,209.61,204.62,212.78,225.66,230.67,225.31,212.55,192.68,161.91,128.79,114.22,124.84,146.91,169.59,197.63,239.75,293.49,345.73,381.19,389.07,371.19,341.41
244,RIGHT,-22.22,-19.7,-15.59,-8.64,2.45,19.42,31.9,19.93,-14.1,-46.48,-69.34,-92.04,-114.13,-126.19,-128.19,-126.99,-122.36,-109.48,-87.95,-56.49,-11.93,40.6,90.32,130.76,160.67,182.89,199.73,211.11,218.21,222.46,224.64,224.16,218.62,207.87,196.84,188.04,178.66,167.35,155.25,142.43,129.71,117.86,102.86,84.52,72.2,67.66,61.69,51.55,43.25,38.87
245,RIGHT,64.86,70.92,76.73,81.83,86.81,93.55,100.55,94.62,66.5,29.93,1.96,-19.55,-39.45,-54.94,-64.92,-70.23,-68.2,-59.54,-48.05,-31.32,-2.22,38.47,79.79,113.44,142.25,170.79,196.1,213.01,222.37,228.62,231.5,227.38,216.46,203.29,191.34,180.46,166.41,145.29,121.37,104.15,95.98,90.57,82.48,72.0,62.77,55.69,48.42,41.34,35.93,31.1
246,RIGHT,9.4,14.08,17.69,22.12,28.66,36.01,41.75,48.54,56.02,49.59,17.74,-24.11,-56.59,-80.89,-103.24,-118.29,-119.92,-112.1,-100.83,-83.88,-54.93,-12.68,38.51,90.77,135.53,169.19,195.2,217.09,231.73,236.18,232.28,223.84,214.0,204.87,196.86,189.39,180.27,163.15,134.13,101.93,79.09,68.92,66.12,65.32,65.2,66.27,68.75,71.29,70.74,65.88
247,RIGHT,43.05,45.25,47.9,49.38,50.62,55.56,62.07,55.83,30.28,-0.66,-27.0,-54.95,-89.32,-122.05,-143.74,-153.87,-152.57,-136.52,-107.99,-74.19,-36.23,8.44,57.36,103.42,142.79,177.96,208.18,225.95,232.71,237.27,240.22,238.12,233.06,227.35,219.0,207.47,195.71,185.29,175.47,164.64,149.32,128.66,108.74,94.26,81.14,65.65,50.71,39.59,31.0,21.73
248,RIGHT,-141.31,-132.42,-124.89,-113.18,-96.01,-77.69,-61.05,-45.54,-27.07,-3.0,22.46,45.01,67.1,90.33,111.07,128.4,144.04,155.07,159.02,159.84,159.34,153.08,144.49,149.6,172.01,192.38,197.87,195.57,193.06,191.7,192.63,193.35,186.95,171.6,150.44,125.52,99.21,74.43,49.67,22.61,-4.9,-33.53,-69.11,-112.06,-154.99,-192.21,-222.12,-243.5,-257.86,-268.61
249,RIGHT,86.05,93.75,96.47,84.5,61.65,34.0,1.03,-33.34,-62.28,-86.72,-110.35,-129.41,-138.04,-133.94,-116.48,-87.27,-50.86,-14.09,18.4,47.13,74.83,103.86,133.14,156.44,171.5,184.23,196.81,203.74,203.97,201.89,197.93,190.24,179.82,168.32,155.98,143.2,130.13,115.79,99.26,81.59,65.36,51.32,37.72,24.07,11.99,1.69,-7.8,-16.83,-25.33,-33.19
250,RIGHT,42.33,57.62,69.1,79.03,89.75,101.88,104.47,82.48,43.55,10.3,-12.6,-35.03,-58.33,-75.75,-84.42,-85.95,-81.07,-66.69,-41.58,-8.39,31.78,75.28,112.44,140.26,165.43,189.48,206.0,212.55,213.44,211.85,206.98,197.69,185.85,175.21,166.38,156.31,143.93,131.29,117.71,99.9,82.9,77.48,80.7,77.88,66.56,55.25,45.27,33.96,23.62,15.62
251,RIGHT,-31.62,-29.7,-25.93,-23.07,-21.52,-17.4,-6.02,6.44,8.92,3.06,-2.02,-3.75,-5.4,-8.73,-13.49,-20.94,-31.58,-38.43,-31.19,-9.28,20.35,55.06,95.46,136.93,170.67,192.17,203.97,207.39,197.05,169.42,131.59,91.45,49.1,6.41,-30.8,-60.94,-86.35,-107.59,-123.8,-136.59,-144.83,-145.91,-142.14,-137.15,-129.72,-120.61,-112.76,-105.54,-97.04,-88.8
252,RIGHT,81.4,82.59,85.05,91.0,100.42,99.62,75.24,38.57,8.74,-13.95,-37.68,-61.36,-80.63,-93.2,-96.6,-89.67,-75.04,-52.29,-17.14,26.95,68.08,102.0,131.88,156.77,174.27,187.3,198.3,205.98,208.17,203.65,194.42,184.57,174.45,162.11,149.63,137.5,122.98,107.81,96.39,87.05,76.16,65.35,55.93,44.48,31.53,23.39,20.78,15.53,4.24,-7.51
253,RIGHT,34.18,31.66,33.97,39.08,38.51,24.72,1.01,-24.95,-51.76,-81.0,-110.57,-133.95,-146.76,-154.01,-160.05,-158.37,-143.1,-118.61,-88.69,-49.78,-1.79,45.85,86.92,124.11,157.82,185.25,206.51,221.88,230.71,232.54,226.85,214.81,198.8,180.54,161.97,144.12,125.78,106.25,87.49,71.95,59.05,46.01,32.38,20.33,10.49,0.58,-10.48,-21.34,-31.14,-39.74
254,RIGHT,50.85,51.34,49.2,46.56,48.31,56.63,63.26,53.63,25.92,-4.95,-30.05,-52.42,-72.86,-88.36,-97.26,-98.66,-91.87,-77.31,-53.66,-18.52,26.57,73.18,112.04,140.92,163.95,184.39,200.92,210.66,213.35,210.99,205.22,197.6,189.86,179.63,161.82,138.64,120.55,112.23,107.88,102.83,98.5,95.98,92.22,84.07,73.13,62.25,51.08,39.31,28.79,20.74
255,RIGHT,51.31,60.37,68.6,62.19,33.7,-2.1,-30.13,-54.11,-79.81,-104.65,-125.69,-140.69,-145.04,-136.17,-116.77,-87.75,-47.47,2.34,51.62,89.23,115.42,140.16,165.35,182.35,189.35,193.85,197.67,196.05,189.86,183.48,174.95,160.63,144.59,131.35,118.28,103.31,89.44,77.14,64.87,53.93,44.65,36.21,29.54,23.55,14.73,4.69,-2.63,-9.16,-18.08,-27.28
256,RIGHT,-5.6,5.98,16.19,21.52,14.53,-6.24,-33.58,-61.62,-91.81,-125.11,-151.35,-161.18,-155.18,-136.06,-108.04,-78.97,-52.78,-26.8,1.17,30.76,57.08,74.8,90.91,117.74,154.45,187.38,207.97,221.75,237.02,251.82,259.32,257.56,248.33,236.39,227.45,220.75,211.72,201.93,194.36,184.71,167.0,143.2,122.25,108.53,98.58,89.25,80.54,70.0,55.24,43.49
257,RIGHT,-41.7,-30.71,-18.05,-7.65,0.2,7.02,13.75,23.59,34.15,28.86,0.25,-32.93,-56.53,-79.38,-108.07,-130.63,-137.49,-129.58,-102.76,-53.11,7.21,59.85,100.24,135.4,168.19,194.21,209.72,217.13,221.82,226.66,230.07,229.73,225.18,216.95,206.8,197.15,189.71,183.56,173.92,152.85,121.95,97.72,89.21,86.05,79.9,74.0,70.28,66.04,61.2,58.02
258,RIGHT,56.2,58.76,59.87,62.09,68.78,72.53,58.13,26.85,-4.02,-27.44,-48.09,-66.96,-81.16,-88.57,-89.35,-81.91,-63.75,-33.85,6.89,52.8,93.14,123.34,148.46,171.39,187.76,194.33,195.17,196.25,197.59,195.53,190.0,182.48,172.25,159.9,148.8,139.21,127.7,113.77,100.18,88.5,76.6,62.06,48.27,39.54,34.31,28.34,20.9,13.41,7.88,4.66
259,RIGHT,20.34,22.43,24.26,25.27,27.15,33.2,43.54,47.83,34.66,10.17,-13.37,-36.19,-62.75,-90.2,-114.27,-131.69,-140.4,-140.7,-133.86,-116.57,-83.13,-35.76,14.34,62.92,113.33,162.63,205.03,236.27,252.41,259.63,266.08,266.47,256.75,243.68,231.19,218.05,204.52,190.46,176.06,162.62,148.39,131.28,113.83,100.12,88.76,74.92,60.18,48.89,38.79,26.47
260,RIGHT,53.53,58.49,60.02,57.57,57.42,64.26,73.47,70.24,45.54,12.99,-11.92,-33.61,-59.05,-82.33,-96.53,-101.49,-98.86,-89.12,-73.59,-51.13,-17.54,27.87,77.11,119.64,151.84,177.64,199.45,214.22,220.38,223.13,226.25,224.8,216.66,207.66,198.91,185.61,169.0,155.67,145.88,133.96,118.49,103.57,92.55,83.59,74.03,64.05,54.32,43.94,31.62,18.04
261,RIGHT,33.28,36.7,40.7,47.73,57.7,70.37,83.27,83.26,60.29,26.89,-1.16,-26.47,-52.9,-74.08,-84.74,-85.79,-78.56,-60.3,-28.27,14.36,59.58,99.92,131.78,155.8,174.14,187.67,196.33,200.83,203.59,204.82,201.34,193.13,185.55,179.68,166.64,140.95,113.78,98.16,92.41,89.09,86.35,83.45,78.47,72.98,69.37,65.54,58.16,49.45,42.97,38.38
262,RIGHT,47.41,51.3,56.6,61.4,55.12,33.35,6.84,-16.46,-40.2,-67.93,-94.99,-114.54,-122.69,-118.06,-100.21,-70.36,-32.71,0.44,21.04,40.21,68.61,97.96,119.68,139.63,165.02,192.59,213.84,224.98,229.78,233.8,235.87,231.19,220.19,207.27,194.81,181.5,166.14,152.21,141.84,129.5,111.13,91.9,76.75,64.21,51.67,39.19,27.18,14.92,1.72,-11.8
263,RIGHT,32.9,33.51,34.43,39.69,48.01,53.76,55.31,47.72,25.3,-3.34,-28.29,-53.52,-80.72,-100.45,-108.37,-109.58,-105.05,-86.99,-51.95,-5.32,44.84,91.34,127.05,150.45,169.09,188.04,201.84,206.28,205.27,202.63,197.44,188.57,177.53,166.44,154.79,141.45,128.73,118.89,109.97,98.7,83.18,67.12,56.81,50.3,41.49,33.96,33.64,34.01,27.74,20.6
264,RIGHT,50.79,50.76,50.15,50.44,51.57,53.32,47.4,24.07,-8.08,-34.86,-59.07,-86.56,-110.71,-122.89,-123.49,-117.51,-104.06,-76.04,-31.93,20.66,70.32,108.22,134.26,155.67,176.78,194.13,202.77,202.74,198.52,193.12,185.87,175.8,166.7,160.0,149.93,135.54,123.47,113.85,103.12,93.57,84.63,71.18,55.6,44.91,38.94,32.9,26.57,21.89,17.53,11.78
265,RIGHT,17.02,21.61,25.57,26.91,28.09,34.38,47.66,63.36,67.43,48.39,15.47,-17.34,-51.02,-88.49,-122.21,-142.56,-148.23,-143.15,-127.01,-96.64,-52.6,1.15,57.32,105.04,142.12,175.64,205.04,223.04,231.42,234.96,232.32,225.03,218.98,213.84,205.91,195.15,181.84,167.16,154.69,142.66,126.4,109.29,96.94,86.91,76.31,67.47,58.68,46.45,33.8,23.13
266,RIGHT,57.89,61.73,68.01,74.03,75.87,73.57,75.07,86.01,91.46,70.81,29.67,-11.01,-48.71,-92.26,-136.62,-168.01,-180.9,-178.52,-162.7,-130.93,-83.31,-24.66,39.63,102.17,153.02,190.13,218.96,240.72,252.99,256.73,254.65,248.86,240.57,229.35,216.1,202.23,185.86,165.85,146.02,129.05,112.65,94.91,77.45,61.02,45.52,32.98,23.83,15.13,5.93,-2.11
267,RIGHT,-65.82,-52.42,-41.54,-30.31,-16.35,0.87,16.93,18.22,-3.75,-36.56,-66.28,-94.85,-123.78,-146.63,-159.1,-157.56,-138.63,-105.58,-61.07,-4.82,52.09,94.29,122.02,145.23,166.85,183.72,195.02,202.24,204.85,199.84,188.67,178.75,171.96,162.09,147.53,133.55,122.37,112.6,104.08,97.64,92.2,85.79,78.49,72.12,67.38,63.22,58.15,51.73,45.01,39.15
268,RIGHT,65.3,67.68,71.85,77.25,81.3,70.7,39.94,4.04,-24.42,-48.8,-72.76,-93.55,-107.22,-113.44,-113.02,-102.11,-75.2,-32.69,17.25,63.81,100.91,130.29,155.08,172.8,181.88,188.28,195.82,199.58,195.33,185.67,174.88,164.07,152.77,141.52,130.8,119.78,107.63,95.15,83.3,72.16,62.65,54.6,44.46,32.09,22.7,17.03,10.45,1.39,-7.32,-12.35
269,RIGHT,34.24,42.59,47.17,51.0,59.09,65.61,54.76,22.33,-14.83,-44.64,-72.68,-99.51,-114.75,-116.79,-115.41,-114.94,-102.96,-64.92,-10.5,37.65,76.63,113.41,142.67,162.69,179.26,191.53,195.95,194.79,192.29,188.77,181.64,169.75,154.8,140.07,129.82,121.79,110.76,99.16,91.96,85.07,72.12,55.75,43.67,37.18,31.95,24.35,11.5,-3.26,-11.09,-11.27
270,RIGHT,28.89,36.1,41.14,44.4,47.51,50.26,56.18,64.38,58.87,30.4,-5.35,-34.46,-60.68,-85.58,-103.22,-110.31,-107.79,-95.92,-70.67,-29.73,19.72,67.68,111.02,147.34,173.73,192.72,208.17,217.25,217.03,213.41,212.82,210.4,200.05,187.53,179.3,172.25,161.83,149.41,138.15,127.56,115.3,103.36,95.32,88.3,77.36,65.21,56.59,49.64,41.04,32.92
271,RIGHT,52.66,56.09,58.6,60.56,63.26,70.2,81.59,80.85,53.41,13.9,-18.01,-45.22,-74.4,-98.99,-110.62,-109.43,-98.45,-78.51,-48.23,-7.71,38.63,82.93,118.02,142.98,164.27,183.68,195.5,197.94,196.88,194.39,187.14,175.5,164.57,156.64,147.41,133.76,119.46,108.61,99.56,89.95,80.35,72.46,64.93,55.04,44.66,38.03,33.88,27.34,19.48,13.9
272,RIGHT,-57.35,-53.54,-49.45,-44.99,-39.52,-30.63,-27.76,-50.84,-95.25,-135.5,-161.97,-185.2,-212.94,-234.66,-233.67,-211.52,-184.06,-155.43,-116.41,-70.75,-33.06,1.28,44.66,91.07,132.12,170.94,210.77,250.17,284.22,310.19,326.6,327.3,313.47,295.73,275.45,249.75,225.35,206.36,184.39,156.25,131.97,117.31,104.29,85.69,64.4,45.01,28.54,14.65,2.2,-7.76
273,RIGHT,57.56,60.28,66.78,72.99,64.7,36.33,1.48,-28.11,-56.18,-85.55,-109.98,-122.79,-124.81,-119.26,-104.05,-75.26,-34.05,12.95,57.67,93.05,119.4,142.98,163.24,176.43,184.95,192.13,196.4,195.47,188.73,176.93,163.57,150.99,136.63,119.81,104.68,93.43,83.04,72.1,63.12,55.2,46.19,38.13,30.99,22.62,14.54,8.91,6.25,3.67,-2.88,-13.67
274,RIGHT,45.63,48.4,52.13,57.37,63.98,71.39,81.62,86.41,69.85,35.98,3.78,-22.29,-46.29,-67.61,-83.87,-92.18,-89.98,-79.43,-65.19,-45.32,-11.84,35.57,85.39,125.76,155.36,179.31,200.4,216.18,224.97,227.82,225.41,218.64,209.2,199.33,190.72,181.23,168.03,153.88,142.7,133.65,124.29,114.43,104.91,98.1,95.8,93.09,82.58,66.32,53.11,44.09
275,RIGHT,23.83,29.24,28.37,26.67,29.46,34.66,36.91,40.85,53.71,61.06,42.54,7.99,-18.86,-37.64,-61.87,-88.46,-101.81,-98.32,-85.27,-62.18,-21.82,30.73,79.75,116.89,146.4,173.5,196.43,211.89,221.87,229.16,232.77,230.51,221.79,209.59,198.66,189.88,180.46,168.16,153.03,137.73,124.64,113.14,101.31,90.84,83.15,75.09,64.38,53.36,44.13,35.57
276,RIGHT,133.32,129.03,124.42,119.52,114.37,109.01,103.46,97.75,91.91,85.94,79.9,73.79,67.64,61.45,55.29,49.12,43.0,36.91,30.91,24.97,19.13,13.39,9.05,14.54,49.03,125.72,230.36,333.78,421.49,497.02,562.51,596.99,562.96,464.04,360.3,287.53,224.65,154.54,87.72,31.02,-21.19,-71.91,-118.45,-159.98,-197.99,-233.05,-264.55,-292.62,-317.68,-339.88
277,RIGHT,-218.17,-201.39,-186.17,-167.09,-145.8,-124.84,-104.09,-82.17,-59.1,-39.88,-26.35,-14.1,-3.34,4.19,11.21,17.43,23.27,35.45,52.11,65.16,73.57,80.23,88.57,103.09,125.49,156.82,199.71,248.43,287.43,312.65,334.58,353.79,356.91,338.9,309.99,277.41,237.25,190.73,147.41,113.33,86.12,62.27,43.41,32.49,30.69,36.77,45.85,55.01,66.34,78.91
278,RIGHT,60.68,64.31,67.15,69.94,76.4,72.31,41.1,-0.67,-30.31,-56.05,-88.44,-116.31,-129.86,-134.56,-136.75,-133.23,-119.49,-100.55,-82.84,-60.93,-24.99,22.86,69.64,108.76,145.07,179.68,204.27,218.34,234.09,252.55,259.98,254.25,243.96,229.45,210.48,194.14,181.58,164.8,143.09,125.02,110.21,91.9,71.64,54.33,40.12,28.85,19.03,8.2,-2.59,-14.24
